,IAGG,IEFA,IEMG,IJH,IJR,IMTB,ISTB,IVV,USRT
2017-07-07,51.32,60.57,49.73,174.12,70.11,49.28,50.1,243.72,48.56
2017-07-10,51.48,60.66,50.11,173.72,69.72,49.41,50.13,243.97,48.1485
2017-07-11,51.54,60.815,50.5,174.0,69.84,49.4,50.14,243.8,47.9601
2017-07-12,51.64,61.271,51.48,175.14,70.41,49.59,50.22,245.62,48.66
2017-07-13,51.5999,61.49,51.66,175.34,70.58,49.59,50.21,246.06,48.56
2017-07-14,51.6,61.91,52.28,175.93,70.72,49.57,50.24,247.18,49.1
2017-07-17,51.45,61.8,52.06,176.27,70.93,49.66,50.24,247.16,49.66
2017-07-18,51.67,61.895,52.24,175.74,70.68,49.75,50.28,247.34,49.52
2017-07-19,51.58,62.17,52.66,177.49,71.52,49.78,50.24,248.66,49.7341
2017-07-20,51.71,62.405,52.625,177.36,71.58,49.73,50.26,248.74,49.609
2017-07-21,51.7576,62.19,52.565,176.84,71.23,49.74,50.32,248.56,49.62
2017-07-24,51.83,62.04,52.74,177.15,71.24,49.8,50.31,248.48,49.52
2017-07-25,51.67,62.13,52.63,178.72,71.91,49.43,50.23,249.06,49.55
2017-07-26,51.78,62.51,53.02,177.14,71.43,49.8799,50.34,249.13,49.82
2017-07-27,51.77,62.39,52.74,176.57,71.12,49.81,50.32,248.9,49.88
2017-07-28,51.76,62.445,52.76,175.75,70.98,49.81,50.33,248.56,49.7494
2017-07-31,51.77,62.6,52.8,175.5,70.84,49.83,50.31,248.43,49.8772
2017-08-01,51.65,62.95,53.04,175.95,71.03,49.8,50.29,248.98,50.07
2017-08-02,51.76,62.98,53.05,174.68,70.09,49.735,50.28,249.11,49.54
2017-08-03,51.9,63.005,52.795,174.18,69.86,49.7911,50.31,248.65,49.4513
2017-08-04,51.84,63.07,53.0,174.66,70.12,49.8,50.28,249.07,49.64
2017-08-07,51.85,63.105,53.37,174.77,70.15,49.72,50.28,249.52,49.6
2017-08-08,51.84,62.8,53.34,174.3,69.86,49.568,50.24,248.97,49.36
2017-08-09,51.93,62.7,52.83,173.08,69.28,49.7859,50.285,248.91,49.175
2017-08-10,51.9837,61.825,51.55,170.29,68.19,49.84,50.28,245.44,48.9
2017-08-11,52.04,61.74,51.71,170.66,68.2141,49.85,50.31,245.73,48.54
2017-08-14,52.0175,62.2,52.23,172.65,69.22,49.73,50.31,248.17,49.395
2017-08-15,51.93,62.085,52.28,171.75,68.53,49.6883,50.27,248.19,49.1401
2017-08-16,51.911,62.469,52.8,172.17,68.6,49.74,50.3,248.59,49.34
2017-08-17,51.9775,61.8,52.16,169.19,67.29,49.79,50.325,244.76,49.1575
2017-08-18,51.934,61.94,52.59,168.86,67.15,49.77,50.34,244.25,48.58
2017-08-21,52.0105,61.975,52.76,168.83,67.08,49.86,50.35,244.56,49.109
2017-08-22,51.9683,62.27,53.31,170.41,67.745,49.78,50.34,247.05,49.0
2017-08-23,52.07,62.245,53.55,170.0,67.5461,49.8,50.37,246.18,49.4
2017-08-24,52.04,62.115,53.7,169.84,67.66,49.7891,50.37,245.67,49.29
2017-08-25,52.06,62.51,54.02,170.63,67.96,49.88,50.38,246.19,49.565
2017-08-28,52.0863,62.51,53.89,170.56,68.04,49.9799,50.392,246.25,49.0999
2017-08-29,52.15,62.26,53.76,170.43,68.01,50.02,50.39,246.51,49.076
2017-08-30,52.08,62.18,53.88,171.45,68.39,50.0099,50.41,247.7,49.34
2017-08-31,52.124,62.685,54.015,172.86,69.06,50.08,50.42,249.1,49.635
2017-09-01,51.92,62.77,54.38,173.49,69.57,49.898,50.33,249.57,49.94
2017-09-05,52.0678,62.365,53.74,171.6,68.86,49.9301,50.4,247.78,49.72
2017-09-06,51.96,62.74,54.095,171.81,69.04,49.9899,50.38,248.6,49.7972
2017-09-07,52.17,63.26,54.47,171.24,68.84,50.0476,50.43,248.6,50.075
2017-09-08,52.14,63.29,54.14,171.7,68.97,50.1175,50.38,248.24,50.14
2017-09-11,52.07,63.745,54.86,173.76,69.67,49.88,50.375,250.89,50.575
2017-09-12,51.9,63.91,54.8,174.99,70.18,49.85,50.3,251.8,50.02
2017-09-13,51.88,63.57,54.52,174.76,70.44,49.85,50.28,251.9,49.929
2017-09-14,51.8,63.72,54.67,174.68,70.4,49.86,50.3,251.83,50.26
2017-09-15,51.74,63.76,55.0,175.32,70.75,49.88,50.28,252.19,50.44
2017-09-18,51.72,63.835,55.15,176.17,71.31,49.66,50.3,252.66,50.21
2017-09-19,51.73,64.14,55.26,176.12,71.2,49.8299,50.27,252.94,49.825
2017-09-20,51.6604,64.005,55.03,176.67,71.44,49.6999,50.25,253.07,49.7299
2017-09-21,51.68,63.85,55.04,176.27,71.47,49.782,50.2497,252.36,49.63
2017-09-22,51.74,64.03,54.7,176.77,71.95,49.785,50.26,252.39,49.23
2017-09-25,51.74,63.719,53.72,177.15,72.16,49.8488,50.31,251.9,49.52
2017-09-26,51.7711,63.54,53.635,176.74,72.3,49.8,50.3,250.75,49.21
2017-09-27,51.6197,63.605,53.43,178.41,73.79,49.824,50.26,251.72,48.76
2017-09-28,51.69,63.82,53.39,178.78,73.97,49.76,50.27,252.02,49.2
2017-09-29,51.7038,64.2,54.0,178.95,74.18,49.8,50.275,252.91,49.25
2017-10-02,51.66,64.105,54.06,180.53,75.22,49.6499,50.15,253.96,49.1
2017-10-03,51.635,64.34,54.85,181.0,75.4,49.63,50.185,254.55,49.14
2017-10-04,51.68,64.225,54.85,180.91,75.07,49.6899,50.14,254.89,49.31
2017-10-05,51.71,64.17,55.24,181.45,75.21,49.6,50.18,256.37,49.56
2017-10-06,51.67,64.1,54.975,181.3,75.09,49.69,50.16,256.13,49.41
2017-10-09,51.715,64.12,54.91,180.76,74.74,49.7499,50.15,255.69,49.488
2017-10-10,51.7,64.735,55.44,181.3,74.91,49.59,50.16,256.32,49.57
2017-10-11,51.69,64.9,55.67,181.42,74.725,49.61,50.17,256.73,49.69
2017-10-12,51.78,64.87,55.68,181.46,74.64,49.5801,50.18,256.34,50.13
2017-10-13,51.84,65.21,56.16,181.36,74.57,49.77,50.2,256.65,50.24
2017-10-16,51.86,65.18,56.11,181.37,74.46,49.7,50.18,257.02,49.93
2017-10-17,51.91,64.99,55.85,181.1,74.28,49.575,50.185,257.21,50.06
2017-10-18,51.83,65.16,55.97,181.67,74.78,49.5553,50.14,257.43,50.05
2017-10-19,51.835,65.005,55.52,181.88,74.6,49.55,50.172,257.54,49.81
2017-10-20,51.76,64.9,55.72,182.94,74.98,49.54,50.11,258.83,49.6
2017-10-23,51.82,64.775,55.31,182.02,74.6,49.5703,50.13,257.87,49.44
2017-10-24,51.74,64.89,55.36,182.67,74.81,49.53,50.165,258.27,49.08
2017-10-25,51.72,64.68,55.24,181.57,74.43,49.6599,50.12,257.04,48.9
2017-10-26,51.74,64.67,54.9,182.42,74.77,49.38,50.1,257.33,48.62
2017-10-27,51.87,64.795,55.655,183.38,75.18,49.4452,50.16,259.44,48.78
2017-10-30,51.95,64.98,55.3,182.07,74.12,49.42,50.2,258.55,48.7
2017-10-31,52.1,65.26,55.7861,182.98,74.8492,49.59,50.17,258.85,48.79
2017-11-01,52.0224,65.37,56.08,182.54,74.42,49.4,50.04,259.26,48.93
2017-11-02,52.155,65.51,56.17,182.63,74.4,49.53,50.06,259.37,49.35
2017-11-03,52.14,65.415,55.92,183.15,73.93,49.56,50.07,260.19,49.24
2017-11-06,52.26,65.535,56.48,183.88,74.08,49.61,50.11,260.59,49.66
2017-11-07,52.2811,65.29,56.12,182.66,73.31,49.616,50.08,260.48,50.03
2017-11-08,52.26,65.505,56.4,183.18,73.62,49.49,50.02,260.9,50.21
2017-11-09,52.189,65.07,56.08,182.22,73.3,49.4848,49.995,259.97,50.36
2017-11-10,52.05,64.9,55.88,182.19,73.34,49.47,49.985,259.83,50.42
2017-11-13,52.055,64.62,55.77,182.54,73.46,49.38,49.93,260.11,50.6
2017-11-14,52.1,64.6,55.46,182.38,73.46,49.4032,49.93,259.52,50.58
2017-11-15,52.18,64.24,55.19,181.5,73.07,49.28,49.9401,258.18,50.03
2017-11-16,52.13,64.85,56.25,183.31,74.32,49.46,49.955,260.37,50.38
2017-11-17,52.16,64.59,56.49,183.79,74.65,49.41,49.97,259.65,50.26
2017-11-20,52.2,64.79,56.79,184.48,75.21,49.37,49.89,260.04,50.06
2017-11-21,52.29,65.265,57.48,185.65,76.22,49.385,49.89,261.74,50.51
2017-11-22,52.36,65.47,57.61,185.53,76.05,49.5852,49.9799,261.53,50.36
2017-11-24,52.29,65.97,57.515,185.68,76.12,49.528,49.985,262.12,50.3422
2017-11-27,52.325,65.59,56.75,185.33,75.72,49.4888,49.999,262.03,50.16
2017-11-28,52.28,65.95,57.13,187.81,77.03,49.4945,49.98,264.65,49.8601
2017-11-29,52.22,65.72,56.305,188.69,77.5,49.6299,49.97,264.53,50.01
2017-11-30,52.24,65.805,55.84,189.77,77.48,49.34,49.9342,266.73,50.09
2017-12-01,52.39,65.59,55.53,189.31,77.01,49.31,49.84,266.26,50.16
2017-12-04,52.3,65.29,55.6,189.25,77.05,49.2296,49.805,265.95,49.91
2017-12-05,52.4,65.16,55.54,187.75,76.26,49.45,49.8,264.99,49.51
2017-12-06,52.425,64.99,54.81,186.99,75.9148,49.68,49.8499,265.03,49.44
2017-12-07,52.42,65.18,54.87,188.27,76.31,49.59,49.82,265.87,49.62
2017-12-08,53.61,65.54,55.475,188.96,76.26,49.62,49.83,267.32,49.84
2017-12-11,52.48,65.665,55.77,188.76,76.0289,49.555,49.82,268.17,49.84
2017-12-12,52.44,65.75,55.44,188.3,75.86,49.6024,49.79,268.63,50.1
2017-12-13,52.48,65.96,56.0367,188.39,76.24,49.77,49.875,268.57,50.205
2017-12-14,52.49,65.65,55.65,186.76,75.36,49.7499,49.86,267.52,50.16
2017-12-15,52.4999,65.66,55.81,188.65,76.64,49.68,49.83,269.74,50.51
2017-12-18,52.49,66.43,56.4,190.56,77.73,49.6,49.84,271.42,50.82
2017-12-19,52.37,65.48,55.16,189.28,76.78,49.5197,49.74,269.18,49.41
2017-12-20,52.21,65.39,55.29,189.6,76.94,49.709,49.75,269.0,48.87
2017-12-21,52.23,65.63,55.66,190.07,77.26,49.5199,49.725,269.52,48.69
2017-12-22,52.2,65.79,56.11,190.02,77.06,49.4813,49.7,269.46,49.06
2017-12-26,52.15,65.77,56.05,190.15,77.12,49.57,49.72,269.12,49.2
2017-12-27,52.27,65.94,56.24,190.1,77.04,49.5584,49.785,269.28,49.39
2017-12-28,52.17,66.02,56.62,190.76,77.34,49.75,49.785,269.81,49.71
2017-12-29,52.26,66.06,56.89,189.74,76.8,49.75,49.83,268.83,49.62
2018-01-02,52.12,66.56,58.0,191.5,77.38,49.15,49.78,270.79,49.48
2018-01-03,52.065,66.97,58.51,191.95,77.32,49.366,49.725,272.45,49.33
2018-01-04,52.16,67.645,58.745,192.45,77.52,49.54,49.73,273.6,48.5
2018-01-05,52.23,67.99,59.26,193.21,77.85,49.6076,49.73,275.41,48.51
2018-01-08,52.26,67.98,59.28,194.2,77.93,49.52,49.74,275.91,48.76
2018-01-09,52.0,68.09,59.16,193.93,77.89,49.1,49.71,276.55,48.16
2018-01-10,52.03,67.96,58.79,193.02,77.785,49.26,49.71,276.11,47.58
2018-01-11,51.99,68.41,59.2,195.76,79.2,49.1726,49.72,278.13,47.44
2018-01-12,52.12,69.09,59.8,196.29,79.5552,49.19,49.7,279.96,47.07
2018-01-16,52.06,69.02,59.49,194.84,78.77,49.15,49.66,279.0,47.13
2018-01-17,52.11,69.41,60.235,196.28,79.57,49.1999,49.64,281.66,47.46
2018-01-18,52.06,69.29,60.3,195.55,78.92,48.982,49.625,281.25,46.9
2018-01-19,52.07,69.67,60.78,197.61,80.07,48.835,49.6,282.46,47.085
2018-01-22,52.11,70.055,61.14,198.66,80.25,48.92,49.56,284.76,47.48
2018-01-23,52.21,70.28,61.38,199.03,80.34,48.9399,49.69,285.36,48.23
2018-01-24,52.14,70.46,61.93,198.5,79.86,48.9589,49.67,285.27,47.95
2018-01-25,52.12,70.2,61.86,198.36,80.1,49.126,49.69,285.37,47.84
2018-01-26,52.06,70.83,62.7,199.22,80.37,49.0,49.64,288.68,47.71
2018-01-29,51.96,70.16,61.785,197.56,79.92,48.8208,49.57,286.79,47.06
2018-01-30,51.905,69.64,60.95,195.52,79.18,48.845,49.59,283.77,46.72
2018-01-31,51.83,69.53,61.42,195.04,78.73,48.71,49.59,284.01,47.49
2018-02-01,51.79,69.75,60.69,195.43,79.12,48.49,49.455,283.7,46.53
2018-02-02,51.775,68.29,59.17,191.47,77.495,48.24,49.43,277.55,46.1
2018-02-05,51.95,65.37,57.18,184.36,74.44,48.4222,49.52,266.21,44.82
2018-02-06,51.8,66.79,58.875,186.16,75.36,48.3744,49.35,271.14,44.76
2018-02-07,51.79,65.9201,57.09,186.06,75.41,48.48,49.36,269.6,44.46
2018-02-08,51.75,64.27,55.18,179.87,73.35,48.18,49.39,259.61,43.31
2018-02-09,51.83,64.6,56.16,181.89,74.105,48.2173,49.41,263.6,44.35
2018-02-12,51.82,65.55,56.97,183.74,74.87,48.2383,49.37,267.2083,44.43
2018-02-13,51.74,65.33,57.38,184.25,74.91,48.11,49.34,267.95,44.7
2018-02-14,51.645,66.52,58.77,187.72,76.29,48.061,49.24,271.67,44.3861
2018-02-15,51.67,66.96,59.87,189.66,77.05,47.8856,49.26,275.01,44.8047
2018-02-16,51.88,67.2362,59.67,190.07,77.34,48.29,49.35,275.1,45.08
2018-02-20,51.86,66.68,58.875,188.72,76.66,48.25,49.28,273.42,44.51
2018-02-21,51.85,66.36,58.845,188.29,76.84,48.095,49.24,272.0,43.65
2018-02-22,51.86,66.66,58.96,188.05,76.76,48.14,49.26,272.32,44.1
2018-02-23,51.99,67.26,59.9,190.41,77.74,48.3799,49.32,276.74,44.86
2018-02-26,52.04,67.84,60.43,191.48,78.3001,48.329,49.35,279.96,44.95
2018-02-27,51.91,66.805,58.73,188.72,77.1578,48.168,49.26,276.43,43.87
2018-02-28,52.09,66.17,57.95,186.46,75.75,48.1703,49.3,273.33,43.87
2018-03-01,52.09,65.17,57.94,185.92,75.42,48.1799,49.28,269.7,43.92
2018-03-02,52.12,65.46,58.15,187.88,76.66,48.0001,49.27,271.12,43.94
2018-03-05,52.08,65.8,58.16,189.82,77.24,47.9301,49.27,274.21,44.42
2018-03-06,52.0595,66.26,58.7,191.82,78.14,48.0324,49.3,274.93,44.56
2018-03-07,52.07,66.2052,58.75,192.22,78.71,48.0599,49.24,274.81,44.88
2018-03-08,52.18,66.415,58.72,191.91,78.62,48.066,49.28,276.09,44.95
2018-03-09,52.12,66.815,59.95,195.07,79.82,48.09,49.27,280.88,45.16
2018-03-12,52.2,66.93,60.045,195.27,80.105,48.1,49.31,280.6,45.38
2018-03-13,52.25,66.46,59.54,194.2,79.86,48.13,49.3,278.76,45.4
2018-03-14,52.31,66.65,59.68,193.2,79.47,48.1999,49.33,277.33,45.47
2018-03-15,52.33,66.61,59.47,192.47,79.1,48.1299,49.26,277.06,45.44
2018-03-16,52.37,66.5,59.34,193.72,79.71,48.0859,49.29,277.33,45.81
2018-03-19,52.38,65.98,58.7,191.94,79.02,48.057,49.2,273.59,45.37
2018-03-20,52.38,65.99,59.33,192.13,78.98,47.88,49.16,274.05,45.17
2018-03-21,52.35,66.1,59.67,192.71,79.34,47.92,49.16,273.55,44.87
2018-03-22,52.49,64.88,57.74,187.2,77.45,48.05,49.25,265.48,44.14
2018-03-23,52.49,64.17,56.63,183.44,75.8,48.1129,49.25,259.8,43.31
2018-03-26,52.505,65.33,58.47,187.53,77.48,48.0609,49.2,266.98,43.8
2018-03-27,52.5719,64.82,57.46,184.66,76.19,48.24,49.28,262.3,43.9713
2018-03-28,52.57,65.16,57.2,185.02,76.31,48.1101,49.31,261.6,45.135
2018-03-29,52.58,65.82,58.36,187.57,77.02,48.345,49.36,265.29,45.11
2018-04-02,52.58,64.83,57.31,183.18,75.26,48.23,49.26,259.28,44.44
2018-04-03,52.625,65.3303,57.92,185.71,76.41,48.0499,49.29,262.58,44.91
2018-04-04,52.685,65.51,57.94,187.32,77.3497,48.03,49.29,265.64,45.41
2018-04-05,52.54,65.94,58.08,188.77,78.17,48.16,49.28,267.46,45.34
2018-04-06,52.601,65.48,57.02,185.02,76.75,48.3,49.301,261.56,45.0397
2018-04-09,52.63,66.02,57.11,185.12,76.555,48.25,49.3,262.64,44.84
2018-04-10,52.56,66.755,58.17,188.08,78.0,48.1,49.27,266.95,44.87
2018-04-11,52.565,66.48,58.195,187.85,78.14,48.1219,49.28,265.54,44.93
2018-04-12,52.554,66.755,58.19,188.63,78.55,48.02,49.23,267.71,44.39
2018-04-13,52.6,66.81,57.66,188.07,78.25,48.0883,49.2,266.97,44.68
2018-04-16,52.5656,66.91,57.74,189.96,79.13,48.1407,49.16,269.17,44.92
2018-04-17,52.65,67.28,57.83,191.49,79.9,48.0212,49.17,271.99,45.48
2018-04-18,52.64,67.6,58.27,191.98,80.16,48.0608,49.1,272.2,45.39
2018-04-19,52.4853,67.35,57.95,191.06,79.52,48.12,49.1,270.72,44.72
2018-04-20,52.42,67.02,57.28,189.83,79.06,47.89,49.07,268.45,44.28
2018-04-23,52.38,66.92,56.81,189.81,79.02,47.67,49.05,268.42,44.23
2018-04-24,52.43,66.6286,56.51,188.45,78.66,47.78,49.06,264.84,44.39
2018-04-25,52.38,66.485,56.16,188.52,78.5,47.7089,49.04,265.38,44.34
2018-04-26,52.38,66.85,56.865,189.29,78.79,47.735,49.06,268.14,44.99
2018-04-27,52.55,66.9,57.23,188.97,78.52,47.77,49.07,268.41,45.91
2018-04-30,52.55,66.66,56.85,186.97,77.84,47.96,49.09,266.24,45.74
2018-05-01,52.505,66.5,56.57,187.68,78.165,47.71,48.94,266.8,46.24
2018-05-02,52.51,66.47,56.14,187.34,78.36,47.674,48.98,264.99,45.98
2018-05-03,52.48,66.67,55.975,187.02,77.85,47.633,49.01,264.37,45.98
2018-05-04,52.57,66.885,56.25,189.57,78.81,47.7,48.995,267.83,46.48
2018-05-07,52.49,66.935,55.93,190.62,79.44,47.61,48.96,268.71,46.81
2018-05-08,52.46,66.955,56.18,191.21,80.12,47.5,48.975,268.7,46.54
2018-05-09,52.41,67.105,56.24,192.19,80.55,47.5816,48.93,271.33,46.85
2018-05-10,52.43,67.49,57.46,193.63,81.01,47.67,48.97,273.88,47.23
2018-05-11,52.41,67.71,57.32,193.8,81.12,47.6603,48.95,274.51,47.06
2018-05-14,52.34,67.8,57.385,193.48,80.78,47.6499,48.95,274.8,46.64
2018-05-15,52.35,67.27,56.23,193.0,80.79,47.31,48.9,272.88,45.84
2018-05-16,52.275,67.395,57.08,194.37,81.78,47.2805,48.9,274.09,45.7
2018-05-17,52.25,67.495,56.29,194.8,82.29,47.25,48.9,273.9,45.42
2018-05-18,52.19,67.24,55.84,194.38,82.44,47.33,48.92,273.22,45.52
2018-05-21,52.26,67.665,56.12,196.28,83.19,47.4442,48.94,275.23,46.04
2018-05-22,52.29,67.6,56.3,194.92,82.51,47.4475,48.97,274.46,46.17
2018-05-23,52.38,66.9,56.3,195.09,82.61,47.5,49.1,275.26,46.7
2018-05-24,52.44,66.69,56.03,195.23,82.6271,47.6271,49.07,274.75,46.56
2018-05-25,52.5022,66.27,56.21,194.71,82.51,47.7675,49.11,274.07,46.78
2018-05-29,52.54,64.94,54.97,194.0,82.55,48.17,49.27,270.96,47.03
2018-05-30,52.49,65.91,55.47,196.97,83.72,48.03,49.21,274.49,47.71
2018-05-31,52.48,65.59,55.49,194.77,82.88,48.0,49.1765,272.65,47.56
2018-06-01,52.54,66.1,56.15,195.9,83.43,47.77,49.07,275.54,47.74
2018-06-04,52.42,66.305,56.72,197.01,84.33,47.7216,48.985,276.81,48.18
2018-06-05,52.42,66.24,56.31,197.53,84.99,47.8499,49.04,277.12,48.05
2018-06-06,52.2294,66.82,57.12,199.14,85.47,47.57,49.03,279.45,48.14
2018-06-07,52.22,66.42,56.31,199.24,85.18,47.74,49.03,279.28,48.18
2018-06-08,52.27,66.55,56.25,200.33,85.41,47.76,49.01,280.12,48.34
2018-06-11,52.25,67.02,56.18,200.33,85.65,47.7,48.99,280.52,48.275
2018-06-12,52.19,66.565,56.1,200.62,85.71,47.66,48.98,280.94,48.53
2018-06-13,52.3,66.63,55.71,199.4,85.22,47.6839,48.95,279.9,47.67
2018-06-14,52.55,66.48,55.35,199.89,85.51,47.77,48.97,280.7,48.12
2018-06-15,52.59,66.09,54.95,199.47,85.54,47.7303,49.035,280.37,48.05
2018-06-18,52.52,65.59,54.2,199.84,86.03,47.82,49.02,279.78,48.05
2018-06-19,52.695,63.87,53.14,199.52,85.97,47.7201,49.06,278.67,47.98
2018-06-20,52.68,63.84,53.38,200.5,86.63,47.7892,49.04,279.19,48.63
2018-06-21,52.695,63.45,52.66,199.12,85.81,47.71,49.06,277.4,48.89
2018-06-22,52.67,64.14,53.17,199.26,85.74,47.8999,49.06,277.89,49.27
2018-06-25,52.62,63.21,52.52,196.39,84.44,47.89,49.07,274.14,49.19
2018-06-26,52.58,63.325,52.28,195.88,84.74,47.86,49.09,273.4,48.77
2018-06-27,52.67,62.73,51.26,193.74,83.48,47.98,49.13,271.12,48.6299
2018-06-28,52.6795,62.94,51.64,194.57,83.73,47.85,49.09,272.81,49.03
2018-06-29,52.65,63.33,52.47,194.77,83.51,47.82,49.07,273.06,49.15
2018-07-02,52.67,62.73,51.9,194.85,84.33,47.7499,48.95,273.81,48.77
2018-07-03,52.6,62.89,51.9,195.36,84.525,47.81,49.005,272.69,49.23
2018-07-05,52.68,63.41,51.79,197.07,85.57,47.8093,49.01,274.98,49.76
2018-07-06,52.6654,63.8,52.47,198.53,86.23,47.8614,49.04,277.24,50.01
2018-07-09,52.73,64.38,53.36,200.49,86.85,47.91,49.03,279.79,49.69
2018-07-10,52.71,64.38,53.26,200.45,86.45,47.905,49.02,280.76,49.76
2018-07-11,52.71,63.27,52.25,198.7,85.74,47.94,49.02,278.8,49.62
2018-07-12,52.76,63.775,52.99,199.3,85.94,47.98,49.04,281.22,49.77
2018-07-13,52.75,63.99,53.03,199.26,85.87,48.04,49.06,281.51,49.6076
2018-07-16,52.79,64.005,52.77,198.19,85.55,47.9648,49.02,281.3,49.3614
2018-07-17,52.73,64.085,53.13,199.09,86.0,47.96,49.02,282.46,48.89
2018-07-18,52.785,64.11,53.06,199.78,86.38,47.974,49.01,283.03,48.75
2018-07-19,52.91,63.93,52.42,200.6,87.03,48.1118,49.04,281.98,49.35
2018-07-20,52.77,64.27,53.14,199.41,86.72,48.0499,49.03,281.66,48.91
2018-07-23,52.65,64.255,52.78,199.42,86.74,47.85,49.01,282.21,48.88
2018-07-24,52.67,64.62,53.53,197.95,85.92,47.84,49.02,283.54,48.605
2018-07-25,52.66,65.13,54.37,198.54,86.09,47.872,49.03,286.13,48.99
2018-07-26,52.64,64.81,53.82,199.43,87.03,47.8501,49.04,285.28,49.1
2018-07-27,52.6704,64.97,53.98,197.21,85.55,47.85,49.06,283.44,48.56
2018-07-30,52.51,64.96,53.88,196.33,85.15,47.79,49.08,281.85,48.68
2018-07-31,52.52,64.95,54.12,198.1,86.15,47.86,49.09,283.17,49.51
2018-08-01,52.3476,64.715,53.76,197.58,86.12,47.7,48.96,282.88,49.73
2018-08-02,52.23,64.24,53.05,199.17,86.89,47.7286,48.99,284.29,49.63
2018-08-03,52.43,64.3,53.445,199.73,86.59,47.8,49.04,285.62,50.15
2018-08-06,52.5,63.99,53.085,200.71,87.2,47.9499,49.05,286.66,50.12
2018-08-07,52.49,64.46,53.59,201.23,87.34,47.871,49.02,287.56,50.07
2018-08-08,52.5,64.42,53.48,200.7,87.2901,47.9198,49.0,287.43,49.82
2018-08-09,52.52,64.23,53.36,200.51,87.39,47.9109,49.01,287.08,49.81
2018-08-10,52.64,63.0,52.25,199.35,87.22,48.0425,49.06,285.09,49.4
2018-08-13,52.57,62.72,51.39,198.31,86.81,47.97,49.065,284.05,49.39
2018-08-14,52.56,62.76,51.71,200.13,87.93,48.055,49.04,285.88,49.66
2018-08-15,52.59,61.825,50.3,198.29,86.92,47.96,49.09,283.74,50.07
2018-08-16,52.51,62.23,50.62,199.9,87.64,48.0557,49.09,286.1,50.4449
2018-08-17,52.565,62.6,51.12,200.94,88.2,48.13,49.12,287.04,50.94
2018-08-20,52.7,62.94,51.32,201.68,88.49,48.25,49.16,287.74,50.96
2018-08-21,52.62,63.36,51.92,203.3,89.55,48.28,49.155,288.29,50.68
2018-08-22,52.68,63.615,52.29,203.28,89.72,48.3,49.18,288.23,50.41
2018-08-23,52.65,63.17,51.53,202.57,89.48,48.185,49.16,287.8,50.31
2018-08-24,52.6,63.58,52.38,203.33,89.77,48.2072,49.18,289.56,50.58
2018-08-27,52.56,64.43,53.11,204.29,89.84,48.24,49.16,291.78,50.48
2018-08-28,52.51,64.325,52.945,204.28,89.84,48.19,49.105,291.93,51.08
2018-08-29,52.43,64.69,53.24,204.98,90.0141,48.1491,49.09,293.59,51.02
2018-08-30,52.5248,64.14,51.92,203.91,89.8,48.21,49.09,292.31,50.84
2018-08-31,52.51,63.71,52.3,204.36,90.29,48.2589,49.13,292.31,51.01
2018-09-04,52.37,63.14,51.24,203.95,89.92,48.01,48.99,291.96,50.44
2018-09-05,52.34,62.58,50.54,203.85,89.82,48.03,48.99,291.15,50.79
2018-09-06,52.415,62.37,50.57,203.19,89.2,48.0999,49.04,290.3,50.93
2018-09-07,52.3667,61.85,50.3,202.76,88.97,47.95,48.98,289.61,50.37
2018-09-10,52.42,62.24,49.81,203.2,89.06,47.96,48.96,290.19,50.63
2018-09-11,52.35,62.3,49.925,203.51,89.1,47.85,48.92,291.22,50.6
2018-09-12,52.42,62.545,50.16,203.67,88.82,47.93,48.95,291.24,50.6
2018-09-13,52.3462,63.0,50.76,204.06,88.82,47.9479,48.98,292.92,50.83
2018-09-14,52.31,63.06,50.74,204.86,89.44,47.885,48.97,292.98,50.5
2018-09-17,52.3,63.175,50.36,202.93,88.51,47.9566,48.96,291.44,50.72
2018-09-18,52.31,63.835,50.79,203.82,88.72,47.73,48.94,293.01,50.45
2018-09-19,52.15,64.04,51.425,203.19,88.17,47.65,48.92,293.34,49.79
2018-09-20,52.17,64.77,51.955,204.7,88.93,47.68,48.94,295.69,50.24
2018-09-21,52.28,64.76,52.15,204.11,88.44,47.71,48.95,295.45,50.28
2018-09-24,52.17,64.46,51.55,203.36,87.85,47.6799,48.92,294.48,49.27
2018-09-25,52.12,64.825,51.79,203.18,87.9,47.665,48.96,294.16,49.33
2018-09-26,52.12,64.84,51.9,200.53,86.87,47.7,48.98,292.0,47.48
2018-09-27,52.22,64.625,52.1,200.66,86.9,47.61,48.955,292.8,47.69
2018-09-28,52.23,64.1,51.78,201.34,87.24,47.81,49.01,292.74,48.39
2018-10-01,52.03,64.22,51.77,199.76,85.94,47.53,48.87,293.86,47.94
2018-10-02,52.1,63.85,51.2,198.97,85.02,47.61,48.87,293.71,47.81
2018-10-03,51.99,63.785,50.75,199.77,85.77,47.4469,48.81,293.96,47.38
2018-10-04,51.93,62.99,49.55,197.59,84.75,47.42,48.77,291.67,46.95
2018-10-05,51.76,62.63,49.35,196.14,83.82,47.16,48.73,290.02,46.95
2018-10-08,51.71,62.255,49.44,196.16,83.74,47.1269,48.745,289.94,47.66
2018-10-09,51.71,62.06,49.23,195.07,83.48,47.35,48.735,289.58,47.79
2018-10-10,51.74,60.7,47.815,189.97,81.21,47.284,48.72,280.25,47.13
2018-10-11,51.69,59.9,47.275,186.07,79.44,47.3499,48.77,274.3,45.76
2018-10-12,51.83,60.11,48.59,186.46,79.31,47.38,48.8,278.03,45.79
2018-10-15,51.8199,60.02,48.105,187.28,79.69,47.39,48.815,276.51,45.9533
2018-10-16,51.84,61.05,49.3,191.25,81.84,47.43,48.8,282.38,46.83
2018-10-17,51.94,60.665,48.69,190.76,81.44,47.2736,48.785,282.5,46.71
2018-10-18,52.0,59.73,47.48,187.97,79.86,47.25,48.78,278.53,46.66
2018-10-19,52.0,60.03,47.94,186.73,79.1,47.3,48.7667,278.25,46.97
2018-10-22,52.005,59.69,48.37,185.75,79.03,47.17,48.76,277.11,46.3
2018-10-23,52.07,59.125,47.87,183.92,78.42,47.38,48.77,275.56,46.52
2018-10-24,52.09,57.47,46.36,178.31,75.66,47.3532,48.84,267.16,47.02
2018-10-25,52.15,58.15,47.18,180.98,77.3,47.4139,48.84,272.16,47.638
2018-10-26,52.29,57.72,46.68,178.95,76.57,47.4211,48.9,267.24,46.62
2018-10-29,52.35,57.56,45.86,178.26,76.36,47.3601,48.84,265.72,47.1507
2018-10-30,52.31,58.235,46.72,181.42,78.12,47.408,48.84,269.81,47.59
2018-10-31,52.26,58.73,47.25,182.09,78.01,47.2853,48.82,272.75,46.97
2018-11-01,52.1,59.52,48.895,185.65,79.55,47.129,48.71,275.51,47.22
2018-11-02,52.11,59.65,49.2,185.85,80.02,47.03,48.67,273.83,46.66
2018-11-05,52.1,59.59,49.36,186.69,80.09,47.1039,48.66,275.45,47.44
2018-11-06,52.08,59.85,49.23,187.81,80.57,46.9699,48.65,277.17,47.68
2018-11-07,52.09,60.66,50.13,190.64,81.55,47.0601,48.66,283.03,48.31
2018-11-08,52.09,60.05,48.92,189.89,81.38,46.97,48.64,282.54,48.35
2018-11-09,52.07,59.67,48.02,187.87,79.98,47.03,48.67,279.94,48.39
2018-11-12,52.19,58.59,47.365,184.88,78.52,47.035,48.71,274.52,48.4
2018-11-13,52.155,58.83,47.91,184.97,78.34,47.1083,48.71,274.08,48.43
2018-11-14,52.18,58.86,48.19,183.85,77.8,47.09,48.75,272.16,48.2747
2018-11-15,52.125,59.05,49.23,186.09,78.88,47.2417,48.74,275.11,47.87
2018-11-16,52.19,59.1,49.35,186.19,79.09,47.2581,48.82,275.73,48.43
2018-11-19,52.2,58.57,48.7,183.69,77.8,47.28,48.77,271.14,48.46
2018-11-20,52.11,57.49,47.71,180.53,76.3174,47.343,48.79,266.09,48.15
2018-11-21,52.07,58.3,48.55,182.51,77.07,47.15,48.79,267.04,48.14
2018-11-23,52.24,57.96,48.0,182.2,77.01,47.27,48.79,265.28,48.04
2018-11-26,52.18,58.85,48.59,184.58,77.82,47.32,48.8,269.43,48.06
2018-11-27,52.23,58.65,48.87,183.09,77.22,47.2377,48.78,270.33,48.29
2018-11-28,52.23,59.48,50.03,186.76,79.09,47.3208,48.87,276.57,48.74
2018-11-29,52.31,59.18,49.64,186.54,78.7,47.4133,48.86,276.0,48.76
2018-11-30,52.35,58.98,49.52,187.72,79.29,47.375,48.85,277.85,49.21
2018-12-03,52.25,59.75,50.56,189.39,79.76,47.2957,48.76,281.34,49.5403
2018-12-04,52.35,58.14,49.54,182.55,76.18,47.6,48.77,272.6,48.73
2018-12-06,52.4,57.61,49.09,181.63,75.91,47.6519,48.78,271.96,50.02
2018-12-07,52.48,57.04,48.14,177.91,74.47,47.6314,48.87,265.57,49.4
2018-12-10,52.505,56.53,47.675,176.82,73.97,47.67,48.84,266.0,49.06
2018-12-11,52.52,56.71,48.01,176.26,73.92,47.57,48.85,266.06,49.07
2018-12-12,52.41,57.545,48.76,177.62,74.64,47.6672,48.89,267.49,48.14
2018-12-13,52.47,57.43,48.82,175.86,73.5199,47.59,48.93,267.36,48.46
2018-12-14,52.56,56.65,48.135,173.35,72.36,47.7091,48.94,262.42,48.39
2018-12-17,52.55,56.19,47.69,169.02,70.36,47.75,48.97,255.56,46.29
2018-12-18,52.01,55.49,47.17,169.06,70.45,47.75,48.93,255.54,46.72
2018-12-19,52.05,54.91,46.4,166.14,68.93,47.85,48.91,251.54,46.13
2018-12-20,52.05,54.6666,46.83,164.06,67.96,47.6961,48.875,247.58,45.48
2018-12-21,52.05,53.68,46.39,160.76,66.38,47.7106,48.79,242.43,44.96
2018-12-24,52.0551,53.025,46.02,156.43,65.11,47.7626,48.845,236.14,43.1161
2018-12-26,52.0,54.35,46.93,163.55,68.19,47.65,48.84,247.69,44.55
2018-12-27,52.12,54.485,46.909,164.44,68.56,47.6905,48.97,249.87,44.565
2018-12-28,52.171,54.8785,47.255,164.18,68.878,47.7,49.03,249.155,44.78
2018-12-31,52.21,54.8531,47.0417,165.52,69.16,48.0,49.0601,250.01,44.77
2019-01-02,52.2401,54.765,47.25,165.19,69.49,48.09,49.105,251.38,43.75
2019-01-03,52.33,54.435,46.47,163.06,68.395,48.2562,49.205,245.9,44.08
2019-01-04,52.175,56.13,47.9,168.12,70.72,48.1299,49.185,253.9,44.6028
2019-01-07,52.09,56.375,47.97,170.09,71.81,48.19,49.1501,255.91,45.0
2019-01-08,52.05,56.775,48.09,172.86,72.8334,48.17,49.145,258.19,46.05
2019-01-09,52.1,57.335,48.94,174.44,73.53,48.2123,49.15,259.2207,46.03
2019-01-10,52.0601,57.575,49.265,175.8862,73.86,48.1909,49.1621,260.5,46.74
2019-01-11,52.12,57.17,48.99,176.0901,74.015,48.3199,49.21,260.32,46.78
2019-01-14,52.1401,56.915,48.64,175.1,73.43,48.25,49.2262,259.24,46.67
2019-01-15,52.23,57.155,48.96,176.08,73.829,48.3431,49.25,261.7793,47.11
2019-01-16,52.24,57.285,49.525,177.32,74.41,48.31,49.2458,262.48,47.48
2019-01-17,52.23,57.495,49.72,179.03,75.06,48.21,49.2319,264.43,47.6388
2019-01-18,52.2201,58.125,50.0,181.32,75.8321,48.2908,49.23,267.76,47.76
2019-01-22,52.25,57.26,49.06,178.338,74.47,48.3041,49.245,263.54,47.56
2019-01-23,52.3391,57.47,49.5801,178.34,74.405,48.2837,49.26,264.66,47.57
2019-01-24,52.435,57.62,50.06,179.77,74.9599,48.435,49.2884,265.3016,47.75
2019-01-25,52.4657,58.22,50.71,181.59,75.78,48.34,49.3057,267.29,48.305
2019-01-28,52.42,57.985,50.22,181.38,75.27,48.39,49.3002,265.2028,48.7999
2019-01-29,52.44,58.127,50.24,181.46,75.3101,48.53,49.325,264.87,49.25
2019-01-30,52.5,58.69,51.29,182.48,75.98,48.4901,49.4,269.1,49.68
2019-01-31,52.585,58.73,51.715,183.37,76.75,48.7598,49.4951,271.84,50.15
2019-02-01,52.41,58.665,51.335,184.01,76.68,48.575,49.3568,271.7,49.78
2019-02-04,52.37,58.895,51.44,185.51,77.58,48.45,49.33,273.4,50.23
2019-02-05,52.42,59.35,52.1101,186.37,77.64,48.545,49.345,274.78,50.44
2019-02-06,52.44,59.025,51.435,186.12,77.535,48.569,49.3464,274.37,50.1931
2019-02-07,52.46,58.255,50.955,185.2,76.8199,48.5583,49.4025,271.5797,50.64
2019-02-08,52.54,58.04,50.665,184.98,76.76,48.5702,49.451,271.72,50.658
2019-02-11,52.565,57.975,50.54,186.33,77.4497,48.645,49.4133,272.29,50.82
2019-02-12,52.52,58.705,50.9426,188.33,78.47,48.61,49.435,275.76,50.37
2019-02-13,52.5451,58.775,50.625,189.27,78.83,48.68,49.4051,276.675,50.66
2019-02-14,52.5901,58.735,50.72,189.28,79.03,48.6017,49.445,276.19,50.8
2019-02-15,52.61,59.56,50.5799,191.2901,80.0801,48.625,49.44,278.97,51.07
2019-02-20,52.6,60.03,51.32,192.55,81.18,48.7101,49.46,280.13,50.8
2019-02-21,52.57,59.88,51.19,191.91,80.81,48.6065,49.44,279.16,50.861
2019-02-22,52.65,60.1029,51.77,193.36,81.16,48.745,49.51,280.85,51.19
2019-02-25,52.75,60.28,52.29,193.39,80.98,48.72,49.5,281.27,50.83
2019-02-26,52.74,60.6,52.14,191.74,80.22,48.7,49.57,281.06,50.71
2019-02-27,52.61,60.34,51.72,191.96,80.295,48.7,49.52,280.93,50.36
2019-02-28,52.635,60.23,51.11,191.14,80.03,48.6399,49.5,280.29,50.52
2019-03-01,52.44,60.62,51.09,192.63,80.49,48.3982,49.35,282.23,50.25
2019-03-04,52.47,60.39,51.195,191.73,79.66,48.5,49.375,281.16,50.45
2019-03-05,52.555,60.46,51.7,190.98,79.32,48.52,49.37,280.8,50.63
2019-03-06,52.68,60.3,51.46,188.33,77.76,48.65,49.42,278.99,50.35
2019-03-07,52.86,59.4699,50.51,186.74,76.96,48.725,49.45,276.76,50.23
2019-03-08,52.86,59.44,50.21,186.22,76.88,48.725,49.48,276.2,50.26
2019-03-11,52.84,59.985,51.12,188.74,78.105,48.8399,49.5,280.21,50.96
2019-03-12,52.91,59.98,51.4,189.03,77.98,48.86,49.54,281.19,51.21
2019-03-13,52.87,60.46,51.45,189.8,78.29,48.89,49.555,283.11,51.38
2019-03-14,52.87,60.46,51.2,189.57,77.95,48.93,49.54,282.97,51.52
2019-03-15,52.88,61.06,51.93,189.765,77.97,48.862,49.585,284.36,51.25
2019-03-18,53.0,61.315,52.46,191.22,78.59,48.89,49.585,285.41,50.92
2019-03-19,52.95,61.45,52.45,190.23,78.01,48.865,49.58,285.54,50.69
2019-03-20,53.09,61.44,52.54,187.9,77.16,49.025,49.7,283.39,50.45
2019-03-21,53.16,61.46,52.65,190.52,78.18,49.175,49.68,286.57,51.38
2019-03-22,53.34,60.26,51.08,185.04,75.3275,49.22,49.8,281.15,51.07
2019-03-25,53.37,60.29,51.24,185.45,75.69,49.325,49.86,280.95,51.0716
2019-03-26,53.395,60.65,51.38,187.28,76.4,49.3649,49.87,282.95,51.62
2019-03-27,53.46,60.61,50.83,187.14,76.38,49.39,49.918,281.58,51.47
2019-03-28,53.49,60.515,51.2,188.71,77.1,49.5042,49.89,282.68,51.93
2019-03-29,53.455,60.73,51.71,189.4,77.15,49.385,49.87,284.54,51.74
2019-04-01,53.17,61.52,52.53,191.98,78.09,49.17,49.69,287.84,51.85
2019-04-02,53.17,61.56,52.34,191.21,77.68,49.1101,49.7155,287.91,52.13
2019-04-03,53.04,62.055,52.71,192.2,78.02,49.0981,49.7,288.44,52.08
2019-04-04,53.15,61.92,53.03,193.22,78.64,49.155,49.7,289.13,52.02
2019-04-05,53.135,62.04,53.39,194.68,79.35,49.19,49.7133,290.46,52.3
2019-04-08,53.11,62.07,53.375,194.69,79.29,49.17,49.685,290.78,51.98
2019-04-09,53.19,61.7,53.32,192.55,78.31,49.21,49.73,289.25,51.64
2019-04-10,53.26,61.93,53.58,194.27,79.49,49.2637,49.77,290.22,52.18
2019-04-11,53.245,61.84,53.02,194.84,79.33,49.2512,49.73,290.2,52.135
2019-04-12,53.1,62.27,53.36,196.34,79.7,49.13,49.67,292.16,52.3914
2019-04-15,53.06,62.325,53.1601,196.02,79.3612,49.21,49.68,291.93,52.15
2019-04-16,53.02,62.41,53.54,196.17,79.7,49.07,49.61,292.16,50.91
2019-04-17,53.0,62.55,53.69,194.68,79.29,49.0301,49.65,291.41,50.41
2019-04-18,53.15,62.46,53.61,195.14,79.04,49.14,49.67,291.97,50.88
2019-04-22,53.09,62.4,53.305,194.48,78.66,49.11,49.67,292.29,50.21
2019-04-23,53.1,62.525,53.43,196.88,79.81,49.16,49.74,294.82,50.9
2019-04-24,53.3,62.06,52.67,197.57,80.0499,49.21,49.78,294.21,51.39
2019-04-25,53.2234,62.015,52.62,195.2722,79.24,49.215,49.77,294.04,51.35
2019-04-26,53.3,62.24,52.82,197.16,79.94,49.34,49.83,295.46,51.68
2019-04-29,53.24,62.505,52.89,197.27,80.31,49.3,49.81,295.79,51.14
2019-04-30,53.39,62.55,52.84,196.9,80.11,49.2999,49.81,295.94,51.65
2019-05-01,53.08,62.19,52.47,194.68,79.41,49.2,49.68,293.8,51.77
2019-05-02,53.05,62.07,52.58,195.19,79.66,49.125,49.64,293.26,51.88
2019-05-03,53.11,62.74,53.235,198.0,81.27,49.2699,49.68,296.01,52.39
2019-05-06,53.125,62.07,52.14,197.63,81.33,49.18,49.72,294.86,52.2
2019-05-07,53.18,61.01,51.11,193.72,79.86,49.2601,49.7,289.98,51.2
2019-05-08,53.18,61.09,51.09,193.16,79.24,49.26,49.7,289.52,51.13
2019-05-09,53.21,60.73,50.25,192.63,79.11,49.2074,49.76,288.73,51.34
2019-05-10,53.1516,61.195,50.55,193.33,79.32,49.345,49.775,290.0,51.88
2019-05-13,53.165,59.76,48.88,187.63,76.86,49.332,49.8,282.86,51.84
2019-05-14,53.085,60.345,49.52,189.55,77.665,49.34,49.79,285.24,52.02
2019-05-15,53.16,60.6,49.64,190.02,77.78,49.51,49.8328,287.0,52.36
2019-05-16,53.22,61.03,49.4,191.21,78.1,49.41,49.8,289.56,52.65
2019-05-17,53.27,60.65,48.54,188.99,76.85,49.35,49.84,287.85,52.56
2019-05-20,53.2664,60.37,48.33,187.59,76.34,49.405,49.77,285.93,51.88
2019-05-21,53.22,60.795,48.96,190.1,77.29,49.38,49.79,288.45,52.39
2019-05-22,53.258,60.54,48.7599,188.55,76.53,49.375,49.805,287.59,52.48
2019-05-23,53.36,59.96,48.11,185.42,74.77,49.535,49.88,284.18,52.55
2019-05-24,53.43,60.62,48.18,186.42,75.44,49.52,49.89,284.72,52.69
2019-05-28,53.54,60.045,48.3,184.4,74.96,49.59,49.93,282.08,52.14
2019-05-29,53.56,59.645,48.65,183.27,74.38,49.55,49.98,280.24,51.41
2019-05-30,53.71,59.91,48.945,183.0,74.13,49.69,50.02,280.9,51.49
2019-05-31,53.75,59.37,49.13,181.14,73.14,49.788,50.13,277.23,51.7
2019-06-04,53.65,60.36,49.6,187.03,75.57,49.765,50.04,282.42,51.53
2019-06-05,53.82,60.34,49.26,187.66,75.37,49.78,50.1,284.83,52.66
2019-06-06,53.795,60.565,49.31,188.44,75.17,49.73,50.0901,286.71,52.71
2019-06-07,54.03,61.32,49.68,189.39,75.69,49.97,50.18,289.63,52.9
2019-06-10,53.935,61.49,50.2,190.44,76.25,49.8517,50.115,290.94,52.71
2019-06-11,53.95,61.79,50.7,190.58,76.07,49.8299,50.12,290.91,52.82
2019-06-12,53.94,61.31,50.17,190.37,75.91,49.93,50.15,290.33,52.96
2019-06-13,54.03,61.34,50.14,191.61,76.79,50.005,50.23,291.65,53.27
2019-06-14,54.0819,60.91,49.55,190.31,76.06,49.96,50.24,291.22,53.29
2019-06-17,54.03,59.68,49.2,189.54,75.88,50.01,50.205,289.68,53.48
2019-06-18,54.385,60.43,50.385,191.61,76.84,50.04,50.25,292.5,53.258
2019-06-19,54.36,60.835,50.74,192.24,77.05,50.24,50.39,293.3,53.6099
2019-06-20,54.4,61.395,51.495,193.44,77.58,50.3,50.41,296.1,53.84
2019-06-21,54.335,61.135,51.28,192.25,76.93,50.215,50.35,295.77,53.13
2019-06-24,54.4,61.24,51.28,190.75,76.09,50.27,50.41,295.32,52.78
2019-06-25,54.47,60.9,50.76,189.69,75.72,50.32,50.46,292.45,52.13
2019-06-26,54.35,60.94,51.255,189.39,75.77,50.3,50.355,292.12,51.06
2019-06-27,54.4,61.12,51.56,191.82,77.25,50.338,50.39,293.21,51.66
2019-06-28,54.48,61.44,51.47,194.29,78.28,50.31,50.41,294.74,51.96
2019-07-01,54.42,61.8,52.13,194.85,78.49,50.18,50.305,297.3,51.86
2019-07-02,54.53,61.98,52.01,194.26,77.95,50.285,50.34,298.17,52.78
2019-07-03,54.65,62.42,51.89,195.99,78.44,50.32,50.325,300.47,53.45
2019-07-05,54.59,61.94,51.53,196.19,78.77,50.165,50.24,300.08,53.22
2019-07-08,54.57,61.6,51.25,194.35,77.94,50.1021,50.2157,298.55,53.46
2019-07-09,54.555,61.27,51.075,194.39,77.85,50.16,50.185,299.0,53.7
2019-07-10,54.42,61.485,51.54,194.23,78.01,50.21,50.26,300.34,54.01
2019-07-11,54.32,61.51,51.46,193.8,77.63,50.096,50.21,301.02,53.28
2019-07-12,54.23,61.59,51.47,195.78,78.3,50.12,50.25,302.44,53.19
2019-07-15,54.36,61.6569,51.69,194.79,77.83,50.16,50.25,302.5,53.1273
2019-07-16,54.4,61.39,51.56,194.89,77.91,50.05,50.235,301.46,53.04
2019-07-17,54.5362,61.31,51.39,193.38,77.33,50.155,50.285,299.5,52.88
2019-07-18,54.71,61.48,51.79,194.09,77.48,50.23,50.38,300.58,52.98
2019-07-19,54.725,61.34,51.48,193.41,77.27,50.29,50.33,298.83,52.02
2019-07-22,54.78,61.42,51.51,193.34,77.16,50.3321,50.329,299.62,51.92
2019-07-23,54.87,61.8,51.51,195.38,77.87,50.36,50.32,301.73,52.53
2019-07-24,54.93,61.825,51.55,198.2,79.2,50.38,50.35,303.14,52.6
2019-07-25,54.92,61.215,51.16,196.24,78.35,50.3,50.31,301.72,52.24
2019-07-26,54.98,61.35,51.24,198.14,79.16,50.36,50.33,303.77,52.42
2019-07-29,54.98,61.405,51.12,197.23,78.75,50.34,50.33,303.23,52.65
2019-07-30,54.97,60.7,50.73,198.52,79.61,50.36,50.33,302.54,52.93
2019-07-31,55.12,60.39,50.16,196.28,79.2,50.46,50.314,299.22,52.63
2019-08-01,55.04,60.12,49.2,193.2,78.0,50.47,50.39,296.53,52.64
2019-08-02,55.17,59.66,48.71,191.24,77.12,50.5,50.37,294.47,52.85
2019-08-05,55.29,58.18,46.925,185.86,74.95,50.6,50.48,285.68,51.8
2019-08-06,55.295,58.56,47.58,188.16,75.79,50.65,50.5,289.43,52.31
2019-08-07,55.53,58.82,47.8,188.56,75.89,50.64,50.487,289.68,52.9
2019-08-08,55.4004,59.41,48.445,192.53,77.54,50.56,50.47,295.24,53.71
2019-08-09,55.4,58.96,47.99,189.97,76.55,50.62,50.47,293.31,53.67
2019-08-12,55.51,58.45,47.33,187.16,75.71,50.6201,50.46,289.7,53.52
2019-08-13,55.59,59.025,47.91,189.3,76.49,50.615,50.41,294.15,53.54
2019-08-14,55.76,57.41,46.58,183.74,74.27,50.69,50.43,285.55,52.82
2019-08-15,56.12,57.6,46.91,183.48,73.99,50.815,50.54,286.32,53.305
2019-08-16,55.99,58.29,47.55,187.4,75.63,50.77,50.555,290.55,53.87
2019-08-19,55.8,58.62,47.705,189.14,76.435,50.7581,50.5,294.01,54.31
2019-08-20,55.88,58.44,47.82,187.62,75.76,50.87,50.54,291.75,53.77
2019-08-21,55.88,58.89,48.26,188.63,76.39,50.85,50.55,294.17,53.93
2019-08-22,55.73,58.79,47.64,188.87,76.14,50.815,50.5,294.06,54.24
2019-08-23,55.81,58.08,46.975,183.74,73.82,50.8542,50.6149,286.43,53.45
2019-08-26,55.76,58.55,47.19,185.29,74.57,50.93,50.59,289.6495,53.87
2019-08-27,56.005,58.515,47.26,183.2,73.62,50.9896,50.63,288.51,53.68
2019-08-28,56.11,58.5,47.4,184.99,74.52,51.06,50.66,290.51,53.82
2019-08-29,56.09,59.0,47.92,187.86,75.73,50.9811,50.62,294.28,54.31
2019-08-30,56.1,59.27,48.28,188.19,75.58,51.1,50.65,294.16,54.42
2019-09-03,55.98,59.07,48.005,185.88,74.55,50.9427,50.53,292.51,54.87
2019-09-04,55.96,59.9,48.81,188.23,75.29,51.09,50.605,295.72,55.27
2019-09-05,55.65,60.28,49.36,191.51,76.78,50.93,50.4999,299.6,54.9231
2019-09-06,55.81,60.46,49.55,191.33,76.57,50.93,50.54,299.84,55.17
2019-09-09,55.6,60.6,49.69,192.9,77.7,50.82,50.45,299.93,55.12
2019-09-10,55.3932,60.69,49.7,194.04,78.69,50.6617,50.35,299.94,54.66
2019-09-11,55.3,61.08,50.09,196.64,80.26,50.64,50.35,302.05,54.8099
2019-09-12,55.43,61.42,50.45,196.52,80.25,50.5965,50.31,303.06,55.0
2019-09-13,55.15,61.77,50.7,196.68,80.41,50.4001,50.22,302.85,54.42
2019-09-16,55.28,61.26,50.31,196.84,80.67,50.5206,50.27,301.94,54.9701
2019-09-17,55.2763,61.4825,50.29,196.18,80.52,50.535,50.32,302.7,55.41
2019-09-18,55.4,61.38,50.09,195.75,80.01,50.55,50.33,302.9,55.26
2019-09-19,55.5,61.61,49.87,195.34,79.54,50.62,50.34,302.82,55.39
2019-09-20,55.6,61.43,49.92,194.65,79.25,50.6,50.3943,301.26,55.38
2019-09-23,55.72,61.29,50.03,195.12,79.33,50.745,50.45,301.4,55.5385
2019-09-24,55.85,61.11,49.48,192.08,78.08,50.84,50.52,297.6095,54.93
2019-09-25,55.745,60.94,49.44,194.33,79.08,50.7221,50.405,299.24,55.1355
2019-09-26,55.805,61.16,49.45,193.25,78.25,50.7321,50.44,298.63,55.62
2019-09-27,55.829,60.91,48.83,191.84,77.79,50.75,50.44,297.01,55.5271
2019-09-30,55.77,61.1,49.03,193.22,77.83,50.75,50.475,298.48,55.57
2019-10-01,55.64,60.57,48.76,189.55,76.3,50.73,50.44,294.86,55.02
2019-10-02,55.62,59.36,48.39,187.08,75.56,50.81,50.48,289.66,54.9
2019-10-03,55.755,59.76,48.99,188.17,75.67,50.9,50.605,292.01,55.43
2019-10-04,55.82,60.29,49.22,190.02,76.43,50.97,50.62,296.02,55.75
2019-10-07,55.76,60.185,48.78,189.03,76.33,50.8451,50.55,294.71,55.63
2019-10-08,55.81,59.59,48.46,185.77,75.03,50.925,50.59,290.17,55.36
2019-10-09,55.69,60.07,48.83,186.97,75.31,50.83,50.56,292.87,55.38
2019-10-10,55.42,60.43,49.31,188.13,75.46,50.71,50.47,294.87,55.4
2019-10-11,55.3,61.51,50.05,191.35,76.86,50.51,50.42,297.945,55.39
2019-10-14,55.4,61.28,49.88,190.6,76.65,50.66,50.43,297.69,55.42
2019-10-15,55.26,62.035,50.26,192.05,77.47,50.6512,50.405,300.6,55.5601
2019-10-16,55.265,62.09,50.41,191.88,77.67,50.67,50.44,300.09,55.64
2019-10-17,55.26,62.255,50.62,193.49,78.57,50.5957,50.44,300.91,55.81
2019-10-18,55.14,62.23,50.4,193.32,78.1,50.68,50.47,299.64,56.16
2019-10-21,54.99,62.6,50.905,194.44,78.82,50.5582,50.435,301.73,56.64
2019-10-22,55.19,62.41,50.97,194.36,79.05,50.6495,50.46,300.7,56.54
2019-10-23,55.185,62.72,50.985,194.56,79.24,50.65,50.46,301.54,56.7
2019-10-24,55.28,62.85,50.98,194.61,79.07,50.5626,50.475,302.09,56.7
2019-10-25,55.19,62.88,51.3,195.64,79.58,50.61,50.45,303.34,56.18
2019-10-28,55.0,63.16,51.62,196.77,80.305,50.55,50.42,305.01,55.96
2019-10-29,55.05,63.15,51.305,197.32,80.63,50.5933,50.38,304.91,56.06
2019-10-30,55.14,63.41,51.55,196.8,80.23,50.5564,50.44,305.85,56.46
2019-10-31,55.36,63.27,51.18,195.31,79.41,50.74,50.535,304.99,56.31
2019-11-01,55.24,63.84,51.95,198.17,80.64,50.64,50.4,307.92,56.31
2019-11-04,55.07,64.185,52.425,199.24,81.29,50.65,50.36,309.1,55.99
2019-11-05,54.95,64.0775,52.71,199.74,81.46,50.534,50.32,308.74,55.01
2019-11-06,55.04,64.03,52.545,198.88,81.06,50.5643,50.35,308.86,55.15
2019-11-07,54.73,64.245,52.91,199.19,81.27,50.316,50.255,309.97,54.54
2019-11-08,54.74,64.16,52.45,199.72,81.36,50.4244,50.25,310.67,54.38
2019-11-11,54.69,64.085,52.085,199.37,81.13,50.3168,50.26,310.13,54.48
2019-11-12,54.73,64.1,51.74,199.0,81.11,50.43,50.25,310.7,54.02
2019-11-13,54.88,63.88,51.375,198.62,80.67,50.48,50.305,310.82,54.475
2019-11-14,55.0,63.75,51.43,199.05,80.5,50.52,50.36,311.3,54.9
2019-11-15,54.95,64.14,51.83,200.04,80.91,50.58,50.36,313.59,55.17
2019-11-18,54.98,64.21,51.77,199.72,80.5629,50.65,50.35,313.76,55.44
2019-11-19,55.03,64.17,51.85,200.12,80.705,50.67,50.36,313.67,55.56
2019-11-20,55.07,63.76,51.595,199.51,80.27,50.67,50.41,312.54,55.39
2019-11-21,54.98,63.69,51.52,198.09,79.82,50.7065,50.388,312.07,54.61
2019-11-22,55.07,63.84,51.52,198.61,80.06,50.63,50.39,312.74,54.5741
2019-11-25,55.05,64.34,52.03,201.06,82.03,50.68,50.405,315.12,54.74
2019-11-26,55.1558,64.34,51.83,201.81,81.96,50.76,50.44,315.7805,55.4
2019-11-27,55.18,64.55,51.92,203.22,82.35,50.7081,50.415,317.25,55.72
2019-11-29,55.15,64.06,51.18,201.07,81.82,50.62,50.41,316.08,55.47
2019-12-02,54.8,63.76,51.15,199.68,80.895,50.4,50.29,313.39,54.63
2019-12-03,54.99,63.555,50.88,198.56,80.55,50.6421,50.38,311.24,54.9354
2019-12-04,54.96,64.16,51.28,200.2,81.2,50.65,50.34,313.23,55.12
2019-12-05,54.83,64.08,51.5,200.52,81.45,50.57,50.32,313.81,55.15
2019-12-06,54.81,64.64,51.77,202.48,82.6,50.5201,50.28,316.62,55.24
2019-12-09,54.885,64.33,51.56,201.59,82.38,50.5593,50.3,315.67,55.36
2019-12-10,54.87,64.37,51.71,201.45,82.36,50.5944,50.28,315.34,55.0906
2019-12-11,54.91,64.65,52.43,201.78,82.34,50.5661,50.3425,316.19,54.34
2019-12-12,54.825,65.08,53.325,203.99,83.24,50.57,50.28,318.96,53.52
2019-12-13,54.95,65.52,53.32,202.84,82.71,50.6,50.38,319.08,53.38
2019-12-16,54.96,65.315,52.54,203.23,82.68,50.59,50.345,319.35,53.1544
2019-12-17,54.995,64.97,53.005,203.88,83.35,50.6106,50.35,319.35,52.7
2019-12-18,54.87,64.84,53.28,204.0,83.64,50.5629,50.36,319.37,53.2059
2019-12-19,54.86,64.875,53.3,204.86,83.92,50.495,50.285,320.7101,53.55
2019-12-20,54.895,64.92,53.35,205.92,83.86,50.5,50.28,322.34,53.78
2019-12-23,54.885,65.05,53.44,205.73,83.94,50.4712,50.265,322.62,53.46
2019-12-24,54.9412,65.0,53.35,205.74,84.11,50.62,50.2799,322.62,53.62
2019-12-26,54.9,65.28,53.75,206.19,84.03,50.63,50.31,324.32,53.85
2019-12-27,54.94,65.44,53.985,205.8,83.63,50.66,50.4,324.26,54.01
2019-12-30,54.825,64.955,53.63,205.62,83.63,50.6476,50.39,322.53,54.0901
2019-12-31,54.76,65.26,53.74,205.81,83.84,50.63,50.395,323.25,54.55
2020-01-02,54.97,65.91,54.869,206.11,83.89,50.69,50.4236,326.21,53.66
2020-01-03,55.12,65.1,53.889,205.08,83.84,50.85,50.4741,323.83,54.22
2020-01-06,55.04,65.36,53.71,205.02,83.76,50.8143,50.46,325.09,54.33
2020-01-07,55.035,65.175,53.69,204.48,83.31,50.86,50.47,324.2,53.74
2020-01-08,54.9101,65.31,53.93,204.84,83.47,50.84,50.43,325.84,53.91
2020-01-09,54.905,65.51,54.3,205.39,83.44,50.68,50.47,328.07,53.84
2020-01-10,54.97,65.22,54.61,204.79,83.07,50.8074,50.475,327.14,54.255
2020-01-13,54.91,65.59,55.445,206.38,83.77,50.8493,50.45,329.39,54.83
2020-01-14,54.96,65.67,55.125,206.96,84.08,50.86,50.49,328.92,54.5893
2020-01-15,55.06,65.62,54.7,207.27,84.45,50.94,50.51,329.66,55.1
2020-01-16,55.06,65.92,55.08,209.57,85.52,50.96,50.515,332.38,55.68
2020-01-17,55.07,66.11,55.39,209.15,85.37,50.89,50.53,333.52,55.69
2020-01-21,55.215,65.6,54.05,208.01,84.58,50.958,50.55,332.82,56.28
2020-01-22,55.23,65.72,54.48,207.87,84.59,50.9899,50.58,332.83,55.86
2020-01-23,55.42,65.56,53.96,208.29,84.75,51.025,50.56,333.26,56.31
2020-01-24,55.52,65.265,53.57,206.11,83.49,51.0549,50.61,330.2,56.14
2020-01-27,55.695,63.93,51.76,203.3,82.49,51.055,50.65,324.96,55.82
2020-01-28,55.6177,64.49,52.23,205.32,83.12,51.13,50.655,328.39,56.01
2020-01-29,55.75,64.49,52.39,204.29,82.53,51.2,50.7,328.09,55.92
2020-01-30,55.75,64.455,51.62,204.55,82.42,51.2501,50.715,329.09,55.88
2020-01-31,55.88,63.43,50.59,200.44,80.5,51.2805,50.8,323.19,55.21
2020-02-03,55.77,63.52,51.05,202.68,81.23,51.1856,50.68,325.59,55.4
2020-02-04,55.69,64.595,52.43,205.37,82.2799,51.13,50.635,330.6,55.96
2020-02-05,55.52,65.19,52.73,207.74,83.83,51.1356,50.595,334.31,55.95
2020-02-06,55.6,65.35,52.74,206.71,83.59,51.18,50.58,335.46,56.17
2020-02-07,55.68,64.74,52.01,204.81,82.34,51.2068,50.66,333.72,56.11
2020-02-10,55.78,64.89,52.29,205.93,82.64,51.22,50.68,336.19,56.73
2020-02-11,55.72,65.315,52.97,207.52,83.29,51.2281,50.665,336.79,56.735
2020-02-12,55.7,65.56,53.65,208.88,83.85,51.16,50.66,338.96,56.9047
2020-02-13,55.72,65.1,52.96,209.64,84.12,51.21,50.67,338.6,57.328
2020-02-14,55.69,65.0,52.96,209.55,83.72,51.25,50.685,339.12,57.98
2020-02-18,55.775,64.575,52.625,208.87,83.22,51.2769,50.7073,338.22,58.02
2020-02-19,55.81,64.815,53.0,209.72,83.52,51.28,50.69,339.89,57.16
2020-02-20,55.94,64.405,52.19,210.57,83.93,51.35,50.74,338.48,57.96
2020-02-21,56.025,64.105,51.925,208.33,83.02,51.47,50.79,335.01,58.195
2020-02-24,56.095,61.55,49.96,202.11,80.56,51.5489,50.86,323.84,57.4
2020-02-25,56.13,60.525,49.6,195.07,77.84,51.58,50.915,314.11,55.77
2020-02-26,56.07,60.6,49.91,192.21,76.88,51.61,50.88,312.92,55.13
2020-02-27,56.07,58.73,48.75,185.09,73.94,51.5413,50.95,298.84,52.21
2020-02-28,56.14,58.41,48.72,181.66,72.83,51.75,51.05,297.63,50.85
2020-03-02,55.9,59.26,49.62,187.62,74.65,51.54,51.04,310.41,52.728
2020-03-03,56.12,58.73,49.33,183.56,73.06,51.93,51.1965,301.61,52.56
2020-03-04,56.165,60.44,50.09,190.02,75.35,51.97,51.24,314.34,54.53
2020-03-05,56.25,58.765,49.07,183.1126,72.73,52.135,51.305,303.76,53.32
2020-03-06,56.4,57.9117,48.1,179.97,71.35,52.06,51.34,298.66,52.37
2020-03-09,56.47,53.34,44.76,163.07,64.36,51.89,51.09,275.45,48.33
2020-03-10,56.3,55.33,47.05,169.8,66.27,51.58,50.96,289.62,50.18
2020-03-11,56.12,52.47,44.88,158.37,62.29,51.0613,50.5899,275.47,46.89
2020-03-12,55.28,46.66,40.28,141.66,55.18,50.39,49.93,248.78,41.8401
2020-03-13,54.68,49.46,43.04,154.28,59.5651,50.47,49.76,271.74,45.59
2020-03-16,54.09,44.31,37.62,131.89,51.96,50.84,49.54,240.12,37.01
2020-03-17,53.975,46.26,40.35,140.69,55.17,50.461,49.87,255.39,38.91
2020-03-18,52.95,43.68,36.81,126.22,49.83,49.197,48.79,241.18,34.85
2020-03-19,53.48,44.17,36.85,131.12,51.73,49.1797,48.54,242.39,35.17
2020-03-20,54.1,43.75,37.18,126.06,49.79,49.17,48.58,231.16,33.92
2020-03-23,53.5499,43.2801,36.26,121.96,49.05,49.761,49.37,224.65,32.29
2020-03-24,53.91,46.9653,38.86,134.69,53.46,50.2,49.47,245.89,35.28
2020-03-25,54.125,48.58,40.23,138.46,53.59,50.77,50.3,247.46,36.88
2020-03-26,54.45,50.71,41.96,146.26,57.2,50.88,49.9,262.28,39.06
2020-03-27,55.01,49.25,39.61,141.65,55.04,50.5201,50.33,254.24,39.51
2020-03-30,54.89,50.26,40.25,145.43,56.25,50.93,50.34,262.45,39.87
2020-03-31,54.71,49.85,40.57,143.88,56.1,51.25,50.3,258.5,39.2
2020-04-01,54.46,47.64,38.85,135.53,52.18,50.67,50.39,246.91,36.36
2020-04-02,54.51,48.5,40.12,137.06,52.92,50.67,50.47,252.64,36.01
2020-04-03,54.56,47.4,39.39,133.21,50.99,50.6502,50.12,248.95,35.35
2020-04-06,54.56,49.93,41.43,143.81,55.1624,50.8977,50.34,265.85,38.25
2020-04-07,54.58,50.21,41.66,145.72,55.49,51.01,50.41,265.93,38.83
2020-04-08,54.4947,50.7,42.16,153.14,57.9526,51.075,50.57,275.09,41.3
2020-04-09,54.82,51.8,42.05,158.0,60.98,51.3617,50.895,279.07,43.83
2020-04-13,54.79,51.39,42.06,153.31,58.91,51.49,51.07,276.29,41.94
2020-04-14,54.83,52.295,43.01,156.54,59.95,51.5467,51.02,284.86,43.12
2020-04-15,55.07,50.63,41.98,150.38,57.19,51.54,51.1,278.54,41.2
2020-04-16,55.18,50.67,42.2,150.24,56.68,51.5124,50.81,280.08,40.48
2020-04-17,55.16,52.015,43.12,155.64,59.284,51.57,51.01,287.5918,41.86
2020-04-20,55.08,51.2666,42.61,152.69,58.17,51.4034,50.86,282.42,40.21
2020-04-21,55.01,50.24,41.43,148.63,56.84,51.6026,50.87,273.79,39.59
2020-04-22,54.945,51.13,42.56,151.39,57.56,51.5499,50.905,280.78,40.09
2020-04-23,55.15,51.01,42.45,152.39,58.01,51.55,50.84,279.91,39.63
2020-04-24,55.28,51.6,42.39,154.55,58.72,51.4825,50.995,283.96,39.87
2020-04-27,55.23,52.29,43.25,160.96,61.23,51.5978,50.79,288.07,41.4
2020-04-28,55.39,52.69,43.36,162.6,62.6,51.49,50.88,286.73,42.05
2020-04-29,55.43,54.045,44.56,169.46,66.07,51.714,50.95,294.16,43.15
2020-04-30,55.5,52.99,43.68,164.16,63.3,51.6261,50.94,291.23,42.5
2020-05-01,55.46,51.86,42.18,158.63,60.81,51.38,50.89,283.64,40.94
2020-05-04,55.46,51.825,42.66,158.75,60.52,51.65,50.81,284.64,40.65
2020-05-05,55.41,51.95,42.88,160.3,60.7,51.545,50.9,287.11,40.76
2020-05-06,55.2,51.585,42.73,158.96,59.95,51.5999,50.8868,285.21,39.98
2020-05-07,55.3601,52.42,43.11,161.73,60.83,51.45,50.95,288.6,40.68
2020-05-08,55.38,53.29,43.955,167.42,63.38,51.47,50.93,293.45,41.75
2020-05-11,55.25,53.31,43.67,166.25,62.32,51.385,50.9763,293.46,40.95
2020-05-12,55.25,52.59,43.535,160.17,59.91,51.45,51.05,287.53,38.92
2020-05-13,55.36,52.19,43.42,154.84,57.61,51.59,51.05,282.51,37.9
2020-05-14,55.34,51.66,43.61,156.41,57.87,51.5525,51.04,285.98,38.09
2020-05-15,55.33,51.74,43.01,157.74,58.63,51.57,51.13,287.2,37.9
2020-05-18,55.27,53.8,44.61,167.3,62.79,51.665,51.04,295.96,40.39
2020-05-19,55.3,53.12,44.26,165.03,61.53,51.72,51.15,292.97,40.01
2020-05-20,55.38,54.2,44.83,168.58,63.44,51.85,51.16,297.96,40.4
2020-05-21,55.42,53.64,44.42,169.42,63.51,51.81,51.11,295.81,40.45
2020-05-22,55.49,53.5,43.54,169.26,63.78,51.89,51.16,296.38,40.71
2020-05-26,55.33,55.06,44.55,175.19,66.39,51.885,51.17,300.19,42.42
2020-05-27,55.4,55.68,44.64,179.86,68.95,51.97,51.26,304.57,43.12
2020-05-28,55.43,56.19,44.36,177.22,66.93,51.885,51.285,303.965,43.12
2020-05-29,55.52,56.05,45.04,176.41,66.19,52.1491,51.37,305.69,42.57
2020-06-01,55.27,57.315,46.08,178.32,66.88,52.169,51.3,306.64,43.58
2020-06-02,55.26,57.91,47.19,179.99,67.62,51.966,51.31,309.21,43.935
2020-06-03,55.16,59.21,48.26,184.88,69.94,52.12,51.3749,313.34,45.61
2020-06-04,55.11,58.96,47.59,185.04,70.88,52.03,51.385,312.4,45.4
2020-06-05,55.06,59.99,48.84,191.06,74.02,52.01,51.38,320.735,47.36
2020-06-08,55.2399,60.72,49.26,194.41,75.54,52.1983,51.35,324.3,48.6722
2020-06-09,55.24,59.91,48.905,190.53,73.72,52.16,51.34,322.25,47.68
2020-06-10,55.31,59.75,49.23,185.58,71.0,52.18,51.45,320.24,46.22
2020-06-11,55.465,56.46,46.65,172.35,65.31,52.26,51.37,301.59,43.31
2020-06-12,55.4974,57.205,47.28,174.32,66.225,52.17,51.325,303.9185,43.945
2020-06-15,55.49,57.045,46.81,178.04,68.13,52.24,51.44,306.91,45.18
2020-06-16,55.54,57.79,47.12,181.78,69.87,52.26,51.48,312.83,46.0
2020-06-17,55.53,57.975,47.55,179.2,68.35,52.0746,51.424,311.4,45.438
2020-06-18,55.51,57.68,47.58,178.72,68.04,52.2001,51.47,311.59,44.95
2020-06-19,55.56,57.39,47.6,177.81,67.21,52.2681,51.39,309.93,43.85
2020-06-22,55.61,58.1,48.18,178.4,67.78,52.25,51.45,311.9,43.88
2020-06-23,55.48,58.38,48.59,178.66,67.95,52.32,51.43,313.21,43.65
2020-06-24,55.61,56.92,47.94,172.55,65.59,52.32,51.42,305.31,42.5
2020-06-25,55.64,57.71,48.135,174.805,66.62,52.1271,51.42,308.49,43.1
2020-06-26,55.69,56.89,47.62,171.41,64.705,52.12,51.47,301.25,42.3
2020-06-29,55.67,57.36,47.85,175.59,67.39,52.2276,51.48,305.63,43.11
2020-06-30,55.71,57.21,47.59,177.69,68.28,52.24,51.475,309.73,43.52
2020-07-01,55.435,57.46,48.22,176.48,67.36,52.175,51.36,311.76,44.5899
2020-07-02,55.48,58.07,49.33,177.46,67.73,52.3364,51.44,313.41,44.41
2020-07-06,55.46,58.995,51.39,179.29,68.3598,52.14,51.4,318.24,44.25
2020-07-07,55.59,58.155,50.54,175.82,66.97,52.45,51.41,314.96,43.17
2020-07-08,55.57,58.64,51.81,177.03,67.27,52.01,51.42,317.35,43.14
2020-07-09,55.6,57.95,51.75,174.4575,65.71,52.43,51.48,315.63,42.77
2020-07-10,55.57,58.535,51.45,176.88,67.14,52.2,51.39,318.88,42.97
2020-07-13,55.465,58.17,51.2,174.99,66.5,52.1193,51.39,316.05,42.63
2020-07-14,55.555,58.95,51.27,177.81,67.59,52.2193,51.47,320.18,42.92
2020-07-15,55.54,59.645,51.42,183.19,70.14,52.265,51.53,323.16,43.48
2020-07-16,55.6,59.31,50.72,182.5,69.71,52.325,51.525,322.05,42.85
2020-07-17,55.63,59.61,50.99,183.23,69.69,52.435,51.52,322.94,43.43
2020-07-20,55.68,59.91,51.67,182.17,69.16,52.4769,51.57,325.65,42.64
2020-07-21,55.76,60.11,52.15,184.47,70.69,52.4635,51.57,326.26,42.89
2020-07-22,55.81,60.24,51.93,185.82,70.75,52.5824,51.57,328.14,43.74
2020-07-23,55.85,59.78,51.55,186.07,71.22,52.66,51.6173,324.23,43.52
2020-07-24,55.77,59.46,51.485,184.53,70.05,52.5981,51.57,322.14,43.15
2020-07-27,55.87,60.25,52.26,186.35,70.83,52.37,51.56,324.49,43.54
2020-07-28,55.9,59.9,51.8,184.5,70.31,52.52,51.63,322.51,44.44
2020-07-29,55.88,60.48,52.66,188.54,72.17,52.62,51.67,326.38,45.29
2020-07-30,55.975,59.67,52.04,187.31,71.7,52.7,51.65,325.26,45.28
2020-07-31,55.88,58.4,51.72,185.99,71.21,52.6996,51.69,327.83,45.29
2020-08-03,55.78,59.515,52.09,188.14,72.03,52.605,51.65,330.11,44.74
2020-08-04,55.9,59.86,52.73,189.13,72.44,52.6536,51.66,331.34,45.445
2020-08-05,55.805,60.125,53.34,191.74,74.09,52.6001,51.601,333.41,45.26
2020-08-06,55.86,60.225,53.52,191.23,73.7,52.6499,51.64,335.7,45.36
2020-08-07,55.825,59.98,52.49,193.56,75.02,52.69,51.61,335.94,45.96
2020-08-10,55.87,60.17,52.64,194.4,75.75,52.715,51.61,336.94,46.23
2020-08-11,55.72,60.42,52.48,194.27,75.69,52.55,51.58,334.17,45.59
2020-08-12,55.64,61.7,53.13,195.5,75.99,52.5661,51.55,338.78,45.93
2020-08-17,55.65,61.5,53.51,195.27,75.63,52.5,51.53,339.26,45.72
2020-08-18,55.665,61.54,53.49,193.49,74.68,52.51,51.58,339.99,45.42
2020-08-19,55.68,61.22,52.86,192.67,74.7,52.55,51.6,338.6,44.58
2020-08-20,55.71,61.075,52.63,191.38,74.1,52.58,51.595,339.65,45.11
2020-08-21,55.745,60.77,52.91,190.86,73.64,52.544,51.6,340.84,45.09
2020-08-24,55.7,61.57,53.5,193.69,74.92,52.484,51.58,344.34,45.56
2020-08-25,55.51,61.61,54.07,193.41,74.91,52.44,51.61,345.5,45.61
2020-08-26,55.49,62.0,54.17,192.73,74.29,52.41,51.6,348.98,45.08
2020-08-27,55.365,61.37,53.735,193.46,74.51,52.4465,51.63,349.76,45.89
2020-08-28,55.42,61.83,54.45,194.59,75.04,52.5663,51.67,352.02,46.11
2020-08-31,55.44,61.42,53.26,192.41,73.94,52.605,51.7085,350.76,45.59
2020-09-01,55.42,61.46,54.21,193.97,74.83,52.53,51.65,354.07,45.6
2020-09-02,55.61,62.27,54.06,196.47,75.68,52.6079,51.6649,359.22,46.42
2020-09-03,55.59,60.8,53.06,190.52,73.75,52.5999,51.66,346.85,45.99
2020-09-04,55.46,60.92,53.11,189.63,73.37,52.4803,51.6,343.97,45.88
2020-09-08,55.6,60.22,52.23,185.45,71.64,52.4805,51.505,334.58,45.23
2020-09-09,55.55,61.28,52.91,187.94,72.43,52.4968,51.59,341.16,45.56
2020-09-10,55.58,60.58,52.13,185.64,71.43,52.45,51.625,335.27,45.03
2020-09-11,55.61,61.19,52.58,185.46,70.97,52.4521,51.529,335.42,44.68
2020-09-14,55.66,61.54,53.47,189.16,72.18,52.4211,51.5107,339.84,45.89
2020-09-15,55.655,61.95,54.03,189.35,72.22,52.505,51.63,341.55,46.2
2020-09-16,55.675,61.98,53.93,189.94,72.74,52.48,51.6263,340.21,46.45
2020-09-17,55.74,62.11,53.745,188.83,72.14,52.34,51.57,337.29,45.73
2020-09-18,55.67,61.64,53.32,186.77,71.75,52.429,51.61,333.34,44.7
2020-09-21,55.8,60.095,52.86,182.18,69.26,52.37,51.59,329.67,43.18
2020-09-22,55.75,60.05,52.41,183.45,69.65,52.3292,51.575,333.0,43.695
2020-09-23,55.73,59.535,51.56,178.39,67.45,52.27,51.54,323.76,42.05
2020-09-24,55.71,59.45,51.345,178.42,67.77,52.24,51.49,324.62,42.22
2020-09-25,55.78,59.7,51.35,180.94,68.47,52.27,51.54,329.82,43.06
2020-09-28,55.775,60.64,51.98,185.3,70.43,52.3064,51.54,335.37,44.19
2020-09-29,55.825,60.545,51.98,184.17,69.98,52.3459,51.52,333.52,43.71
2020-09-30,55.69,60.29,52.76,185.31,70.24,52.35,51.55,336.0,43.75
2020-10-01,55.69,60.675,53.3,187.76,71.23,52.35,51.44,338.25,44.9
2020-10-02,55.69,60.57,52.65,189.5,71.92,52.343,51.45,335.07,45.8
2020-10-05,55.6,61.48,53.36,193.9,73.52,52.25,51.48,340.9,46.01
2020-10-06,55.67,60.88,53.43,193.03,73.49,52.26,51.5,336.05,45.83
2020-10-07,55.63,61.3383,54.02,196.36,74.56,52.2492,51.52,341.9,45.89
2020-10-08,55.705,61.77,54.44,198.41,75.7,52.24,51.505,344.93,46.73
2020-10-09,55.78,62.175,54.85,199.03,76.06,52.2656,51.47,348.04,46.45
2020-10-12,55.735,62.52,55.24,200.25,76.59,52.4,51.56,353.66,46.66
2020-10-13,55.81,61.83,54.99,198.69,75.71,52.3633,51.545,351.37,45.78
2020-10-14,55.875,61.73,54.67,197.75,75.3,52.365,51.5457,349.16,45.21
2020-10-15,55.925,60.99,54.25,199.67,76.35,52.3454,51.56,348.73,45.38
2020-10-16,55.92,61.26,54.47,199.12,75.84,52.25,51.535,348.46,44.95
2020-10-19,55.8828,61.04,54.34,196.83,75.0,52.301,51.515,343.23,44.18
2020-10-20,55.86,61.34,54.97,197.74,75.51,52.2537,51.5349,344.57,44.52
2020-10-21,55.755,61.07,55.18,196.45,75.09,52.1994,51.46,343.91,44.44
2020-10-22,55.73,61.13,55.12,199.78,76.32,52.14,51.4678,345.85,44.81
2020-10-23,55.77,61.48,55.43,201.02,76.69,52.1636,51.49,346.96,45.03
2020-10-26,55.795,60.35,54.73,196.75,75.09,52.24,51.49,340.6,44.24
2020-10-27,55.87,59.88,54.96,194.11,74.14,52.33,51.465,339.43,43.45
2020-10-28,55.85,58.12,53.61,188.92,71.84,52.235,51.465,327.81,42.32
2020-10-29,55.9,58.38,54.09,190.85,72.95,52.13,51.4,331.12,42.86
2020-10-30,55.87,58.13,53.48,189.47,72.03,52.15,51.43,327.68,42.64
2020-11-02,55.79,58.83,54.19,193.18,73.51,52.07,51.35,331.39,43.69
2020-11-03,55.78,60.34,54.46,197.47,75.39,52.13,51.33,337.16,44.85
2020-11-04,55.88,60.95,56.09,197.59,74.64,52.35,51.45,344.73,44.69
2020-11-05,55.875,62.425,57.08,203.15,76.84,52.38,51.49,351.46,44.81
2020-11-06,55.845,62.58,57.32,202.17,76.1,52.3129,51.48,351.43,44.34
2020-11-09,55.59,64.37,57.77,207.91,79.81,52.1,51.44,355.64,46.49
2020-11-10,55.6,64.85,57.15,210.39,81.88,52.2099,51.41,355.37,47.59
2020-11-11,55.67,65.38,57.47,210.15,81.34,52.18,51.44,357.93,47.6
2020-11-12,55.76,64.43,57.05,206.42,79.6,52.28,51.467,354.52,46.825
2020-11-13,55.77,65.32,57.775,210.83,81.86,52.25,51.485,358.63,47.9958
2020-11-16,55.77,66.16,58.59,215.19,83.42,52.275,51.5,361.18,48.4799
2020-11-17,55.82,66.09,58.54,215.65,84.66,52.2888,51.51,361.99,48.96
2020-11-18,55.81,65.72,58.39,212.64,83.46,52.36,51.4914,357.59,47.75
2020-11-19,55.89,66.19,58.51,214.49,83.95,52.4552,51.54,359.04,47.96
2020-11-20,55.94,66.39,58.81,214.35,83.87,52.43,51.54,356.63,47.89
2020-11-23,55.9,66.37,58.98,217.72,85.83,52.42,51.55,358.76,48.04
2020-11-24,55.92,67.36,59.81,221.32,87.94,52.4171,51.54,364.58,48.42
2020-11-25,55.88,67.23,59.51,219.84,87.23,52.41,51.6,363.965,48.25
2020-11-27,55.98,67.705,60.08,220.2,87.16,52.47,51.605,364.94,47.94
2020-11-30,55.94,66.25,58.65,216.49,85.14,52.43,51.64,363.34,47.3
2020-12-01,55.79,67.85,59.76,219.09,86.09,52.3449,51.44,367.23,47.9
2020-12-02,55.785,67.8,59.86,218.82,86.5,52.25,51.49,368.09,47.68
2020-12-03,55.845,67.98,60.49,220.16,87.05,52.3547,51.48,368.03,48.17
2020-12-04,55.84,68.5,61.1,224.21,89.23,52.3,51.51,371.2,49.0
2020-12-07,55.93,67.93,61.07,223.3,88.99,52.3,51.47,370.51,48.58
2020-12-08,56.015,68.13,61.1,224.58,89.71,52.33,51.49,371.54,48.37
2020-12-09,55.95,68.22,60.62,223.64,89.74,52.314,51.51,368.27,48.08
2020-12-10,56.04,68.27,61.4,224.43,90.1,52.39,51.57,368.08,47.81
2020-12-11,56.14,68.08,61.01,223.82,89.39,52.3763,51.58,367.64,47.74
2020-12-14,56.135,67.605,59.97,222.55,88.93,52.405,51.6,364.33,47.17
2020-12-15,56.07,68.37,60.66,227.88,91.29,52.42,51.63,369.33,48.27
2020-12-16,55.99,68.585,60.9,227.08,90.83,52.425,51.63,369.91,48.26
2020-12-17,55.95,69.11,61.34,228.99,91.65,52.2576,51.56,371.9601,48.69
2020-12-18,55.99,68.77,61.16,227.82,90.84,52.2399,51.58,370.46,47.61
2020-12-21,56.075,67.93,60.33,227.24,90.56,52.232,51.57,369.25,47.3
2020-12-22,56.125,67.77,59.89,228.36,91.02,52.21,51.58,368.56,47.69
2020-12-23,56.01,68.52,60.49,230.36,92.05,52.2138,51.61,368.88,47.39
2020-12-24,56.05,68.58,60.33,230.74,92.06,52.275,51.61,370.32,47.81
2020-12-28,56.05,69.12,60.51,230.08,92.42,52.29,51.61,373.54,48.15
2020-12-29,56.06,69.6,61.3,227.56,90.84,52.3054,51.625,372.83,47.71
2020-12-30,56.11,69.69,62.1,229.6,91.76,52.32,51.635,373.36,47.93
2020-12-31,56.2,69.13,62.04,229.87,91.87,52.37,51.63,375.21,48.45
2021-01-04,56.17,69.49,62.51,226.32,91.03,52.335,51.65,370.3,46.71
2021-01-05,56.13,70.26,63.9,229.56,92.94,52.3,51.61,372.67,46.71
2021-01-06,56.05,71.1,63.4,238.74,97.48,52.16,51.6,374.93,47.03
2021-01-07,56.03,71.15,63.92,241.27,98.49,52.1899,51.61,380.48,46.81
2021-01-08,56.04,71.73,65.55,240.93,97.74,52.13,51.59,382.68,47.22
2021-01-11,55.89,70.77,64.68,241.34,98.13,52.0461,51.495,380.14,46.56
2021-01-12,55.86,71.09,65.28,244.19,99.86,52.035,51.56,380.19,46.76
2021-01-13,56.02,70.995,65.41,241.76,99.02,52.1693,51.6,381.14,47.47
2021-01-14,56.0,71.53,66.02,244.15,101.33,52.12,51.6,379.85,47.8
2021-01-15,56.0221,70.39,65.13,241.62,99.56,52.185,51.605,377.1,48.32
2021-01-19,56.04,70.93,66.06,243.72,100.55,52.21,51.61,380.04,48.0872
2021-01-20,55.97,71.43,67.23,246.28,101.03,52.225,51.64,385.26,49.06
2021-01-21,55.82,71.56,67.45,244.6,99.88,52.2,51.65,385.62,48.74
2021-01-22,55.86,71.16,66.82,245.5,101.14,52.2186,51.655,384.27,48.85
2021-01-25,56.0,71.01,67.33,244.57,101.32,52.29,51.65,385.8306,49.14
2021-01-26,55.98,71.18,66.86,242.07,101.31,52.286,51.68,385.16,49.52
2021-01-27,55.97,69.49,65.07,236.12,101.04,52.27,51.66,375.87,48.72
2021-01-28,55.9,70.06,65.54,237.89,99.03,52.246,51.65,379.02,49.03
2021-01-29,55.85,68.59,63.84,233.26,97.61,52.2493,51.67,371.55,48.43
2021-02-01,55.87,69.47,65.61,238.1,99.3,52.1999,51.655,377.58,49.39
2021-02-02,55.825,70.22,66.515,241.12,99.59,52.18,51.64,382.94,49.59
2021-02-03,55.785,70.39,66.84,241.14,99.93,52.135,51.61,383.25,49.55
2021-02-04,55.69,70.48,66.88,244.53,101.7,52.1799,51.615,387.54,49.91
2021-02-05,55.635,70.97,67.4,247.13,102.91,52.1573,51.625,389.12,50.12
2021-02-08,55.655,71.45,67.56,251.09,105.78,52.17,51.59,392.04,50.41
2021-02-09,55.59,71.83,68.24,251.82,106.57,52.105,51.62,391.74,50.63
2021-02-10,55.6,71.6,68.48,251.52,106.21,52.1303,51.66,391.55,51.0762
2021-02-11,55.635,72.07,69.18,253.08,106.42,52.125,51.635,392.2,51.21
2021-02-12,55.5011,72.47,69.28,253.86,106.63,52.05,51.58,394.19,51.155
2021-02-16,55.245,72.995,69.46,253.41,106.38,51.9487,51.55,393.82,50.74
2021-02-17,55.32,72.53,69.46,252.14,105.85,51.95,51.6,393.92,50.66
2021-02-18,55.23,72.14,68.58,249.29,104.22,51.9101,51.58,392.24,50.37
2021-02-19,55.025,72.38,69.035,253.08,106.01,51.86,51.58,391.53,50.63
2021-02-22,55.01,72.21,67.06,252.24,106.68,51.76,51.54,388.55,51.13
2021-02-23,54.96,72.285,67.41,252.5,106.03,51.7303,51.55,388.94,51.77
2021-02-24,54.9,72.525,67.0,257.3,108.94,51.65,51.53,393.21,52.14
2021-02-25,54.53,71.285,65.56,249.42,105.58,51.28,51.355,383.81,51.18
2021-02-26,54.895,70.33,64.7,249.16,105.04,51.415,51.39,381.76,50.48
2021-03-01,55.055,71.665,66.44,256.12,108.34,51.48,51.35,390.99,50.72
2021-03-02,55.045,71.57,65.79,252.53,106.49,51.5865,51.47,388.02,50.35
2021-03-03,54.88,71.14,65.68,250.32,106.62,51.49,51.29,382.81,50.28
2021-03-04,54.84,70.42,64.23,244.95,104.67,51.31,51.3,378.12,49.81
2021-03-05,54.94,70.89,64.83,250.79,106.97,51.2786,51.31,385.06,50.3974
2021-03-08,54.86,70.6,63.16,252.76,109.12,51.1564,51.23,383.21,51.07
2021-03-09,54.995,71.575,64.43,254.53,110.24,51.11,51.2,388.57,51.29
2021-03-10,55.03,71.91,64.23,258.02,112.43,51.255,51.2699,390.99,51.785
2021-03-11,55.06,72.325,66.21,261.86,113.85,51.3378,51.31,394.97,52.03
2021-03-12,54.895,72.525,65.07,264.29,115.01,51.06,51.265,395.58,53.01
2021-03-15,54.965,72.615,65.22,268.05,114.81,51.035,51.27,398.01,53.8
2021-03-16,54.9901,72.75,65.57,264.49,112.99,51.0,51.25,397.5,53.36
2021-03-17,54.885,73.14,65.57,266.32,113.66,51.0766,51.31,398.75,53.4
2021-03-18,54.74,72.53,64.49,261.03,111.02,50.95,51.22,392.95,52.91
2021-03-19,54.825,72.695,65.16,261.06,111.36,50.8725,51.25,392.22,52.04
2021-03-22,54.905,72.76,65.05,259.64,109.83,50.81,51.26,395.3,52.31
2021-03-23,55.025,71.71,63.84,252.75,105.98,51.11,51.27,392.29,52.24
2021-03-24,55.12,71.35,62.42,251.25,104.18,51.135,51.2756,390.25,52.08
2021-03-25,55.11,71.84,62.7,255.83,106.7,51.14,51.335,391.07,52.25
2021-03-26,55.045,72.82,64.225,261.96,109.34,51.1,51.28,397.44,53.15
2021-03-29,54.96,72.44,63.81,257.07,106.505,50.99,51.26,396.98,52.71
2021-03-30,54.89,72.38,64.085,260.32,108.14,50.88,51.28,396.36,52.91
2021-03-31,54.85,72.05,64.36,260.21,108.53,51.0672,51.29,397.83,52.44
2021-04-01,54.99,73.07,65.05,263.99,110.05,50.97,51.25,402.08,53.46
2021-04-05,54.91,74.15,65.27,265.85,110.56,50.97,51.19,407.83,53.49
2021-04-06,54.91,73.37,65.61,266.01,110.42,51.1199,51.24,407.57,53.76
2021-04-07,54.92,73.59,64.71,263.95,108.83,51.17,51.23,408.11,53.82
2021-04-08,55.04,74.01,65.29,265.11,109.35,51.0776,51.29,410.02,53.63
2021-04-09,54.95,74.21,64.74,266.16,109.48,51.16,51.295,412.99,53.62
2021-04-12,54.91,73.8,64.35,267.12,109.61,51.17,51.26,413.18,53.85
2021-04-13,55.01,74.26,64.58,265.94,108.88,51.14,51.26,414.32,54.24
2021-04-14,54.87,74.32,64.93,267.55,110.13,51.1441,51.27,413.05,53.8173
2021-04-15,55.0,74.91,65.5,269.41,110.4491,51.3,51.33,417.28,54.77
2021-04-16,54.88,75.455,65.68,271.49,110.78,51.265,51.29,418.89,54.87
2021-04-19,54.85,75.35,65.5,269.96,109.59,51.2368,51.31,416.95,55.0
2021-04-20,54.94,74.01,65.02,266.0,107.07,51.3014,51.34,413.87,55.56
2021-04-21,55.01,74.72,65.46,270.6,109.53,51.42,51.35,417.69,55.98
2021-04-22,55.03,74.49,65.22,269.31,108.96,51.3405,51.355,413.87,55.63
2021-04-23,54.985,75.25,66.125,273.91,110.89,51.355,51.35,418.38,55.81
2021-04-26,54.96,75.34,66.255,274.99,111.45,51.345,51.33,419.27,56.04
2021-04-27,54.83,75.11,66.26,275.55,111.78,51.236,51.31,418.97,56.07
2021-04-28,54.9,75.28,66.75,275.56,112.06,51.2062,51.325,418.96,55.9
2021-04-29,54.77,75.29,66.59,275.6,112.1,51.18,51.35,421.58,56.39
2021-04-30,54.85,74.32,65.48,271.75,110.54,51.28,51.36,418.89,56.62
2021-05-03,54.83,75.21,65.47,273.48,111.82,51.2517,51.27,419.76,56.48
2021-05-04,54.93,74.1,64.71,272.52,111.3,51.448,51.31,417.23,56.16
2021-05-05,54.93,75.06,65.03,272.04,111.2,51.2926,51.32,417.31,55.13
2021-05-06,54.92,75.58,65.66,273.47,111.96,51.24,51.34,420.69,55.66
2021-05-07,54.84,76.49,66.39,276.37,112.82,51.27,51.39,423.69,56.39
2021-05-10,54.81,76.04,65.23,273.06,110.48,51.32,51.38,419.57,56.36
2021-05-11,54.76,75.07,64.99,270.59,109.82,51.166,51.33,415.8075,55.6
2021-05-12,54.61,73.76,63.18,262.21,106.35,51.02,51.27,407.01,54.25
2021-05-13,54.61,74.345,63.16,267.31,109.04,51.05,51.33,411.8,55.03
2021-05-14,54.625,75.55,64.23,271.64,111.32,51.2948,51.34,418.14,55.65
2021-05-17,54.6,75.38,64.11,271.41,111.53,51.16,51.325,417.17,55.69
2021-05-18,54.59,75.6,64.98,268.54,110.35,51.125,51.34,413.56,55.75
2021-05-19,54.55,74.91,64.8,266.93,109.7,51.0999,51.32,412.5,55.53
2021-05-20,54.685,75.97,65.2,268.03,109.97,51.16,51.365,416.84,56.08
2021-05-21,54.7,76.04,64.48,268.45,110.47,51.175,51.35,416.57,56.07
2021-05-24,54.78,76.47,65.04,269.84,111.03,51.1877,51.37,420.76,56.74
2021-05-25,54.865,76.5,65.68,267.86,109.78,51.29,51.42,419.9,56.72
2021-05-26,54.925,76.465,66.19,270.56,112.06,51.2768,51.415,420.65,56.96
2021-05-27,54.855,76.665,66.255,272.18,113.16,51.24,51.415,421.31,56.75
2021-05-28,54.79,76.79,66.62,272.53,112.85,51.27,51.42,421.65,57.21
2021-06-01,54.865,77.08,67.99,274.01,114.71,51.22,51.33,421.27,58.27
2021-06-02,54.925,77.35,68.1,272.61,114.5,51.231,51.35,422.04,59.04
2021-06-03,54.86,76.93,67.41,271.04,113.52,51.205,51.3,420.51,58.83
2021-06-04,54.94,77.64,68.03,272.63,113.86,51.2153,51.36,424.25,58.8
2021-06-07,54.88,77.88,67.73,272.18,114.97,51.26,51.36,423.87,59.58
2021-06-08,54.945,77.83,67.41,274.65,116.33,51.2913,51.38,423.9,60.17
2021-06-09,55.02,77.61,67.24,272.92,115.38,51.3303,51.4,423.24,60.31
2021-06-10,55.075,76.72,67.32,272.15,113.4,51.53,51.42,424.0,60.41
2021-06-11,55.15,76.91,67.085,274.15,114.53,51.4474,51.39,424.7,60.215
2021-06-14,55.06,77.03,67.32,271.84,113.99,51.42,51.37,425.77,60.43
2021-06-15,55.04,77.07,66.87,271.56,114.19,51.3984,51.36,425.02,59.69
2021-06-16,54.91,76.525,65.95,269.72,114.12,51.31,51.26,422.59,59.24
2021-06-17,55.05,75.95,66.36,265.4,112.1,51.2703,51.265,422.45,59.11
2021-06-18,55.09,74.42,65.82,260.11,109.18,51.3,51.22,416.81,58.09
2021-06-21,55.035,75.415,66.19,266.3,111.68,51.2401,51.23,422.66,59.34
2021-06-22,54.92,75.46,65.93,266.64,112.27,51.3067,51.27,424.87,59.04
2021-06-23,54.94,75.01,66.31,266.86,112.46,51.3839,51.215,424.43,58.96
2021-06-24,55.06,75.69,66.9,269.45,113.99,51.45,51.245,426.9,58.72
2021-06-25,54.905,75.88,67.39,271.94,114.09,51.27,51.24,428.43,59.19
