,Mini Robo Advisors Ultra Conserative Portfolio,Mini Robo Advisors Conserative Portfolio,Mini Robo Advisors Balanced Income Portfolio,Mini Robo Advisors Balanced Growth Portfolio,Mini Robo Advisors Moderate Growth Portfolio,Mini Robo Advisors Aggressive Portfolio,Mini Robo Advisors Ultra Aggressive Portfolio
25000,25000,25000,25000,25000,25000,25000,25000
25000,24983.7,24990.3,24969.775,24961.675,25025.75,25030.05,25065.325
25000,24995.125,25006.95,24935.075,24973.975,25082.475,25049.675,24958.175
25000,25016.45,24988.1,24919.725,25035.775,25112.075,25089.4,24880.5
25000,24997.875,25005.875,24898.5,25088.925,25128.9,25103.375,24945.4
25000,24993.875,25030.625,24904.475,25129.85,25128.4,25123.925,24932.775
25000,24994.725,25005.75,24892.65,25194.7,25171.9,25172.375,24990.85
25000,24992.3,25011.2,24889.775,25232.05,25150.2,25207.875,24940.45
25000,25015.925,25011.275,24892.1,25247.65,25177.25,25162,24997.85
25000,25030.025,24998.825,24924.45,25222.225,25237.05,25143.25,25027.5
25000,25039.075,25015.075,24894.125,25299.475,25193.175,25139.875,25097.825
25000,25035.775,25008.6,24905.6,25357.75,25180.2,25174.5,25098.675
25000,25052.15,25025.6,24938.425,25370.525,25211.325,25117.6,25137.075
25000,25075.2,25017.075,24972.3,25452.925,25229.925,25117.1,25122.325
25000,25082.95,25013.975,24882.725,25479.225,25204.8,25083.85,25208.7
25000,25083.35,25047.975,24889.625,25389.85,25261.525,25146.475,25255.025
25000,25086.125,25062.775,24891.6,25400.075,25279.85,25248,25322.85
25000,25066.825,25079.475,24889.05,25435.85,25260.6,25327,25326.75
25000,25073.5,25091.45,24885.1,25479.8,25252.775,25296.225,25333
25000,25072.75,25092.575,24864.35,25583.825,25253.2,25365.925,25286
25000,25056.2,25095.55,24804,25634.275,25215.325,25344.075,25257.975
25000,25070.45,25112.525,24794.35,25657.425,25261.925,25392.3,25318.025
25000,25034.675,25139.475,24832.45,25689.775,25307.225,25433.175,25327.125
25000,25043,25156.55,24825.875,25657.175,25265.7,25414.85,25356.525
25000,25032.6,25163.2,24799.375,25722.475,25278.975,25415.85,25348.925
25000,25010.175,25162.175,24785.675,25732.375,25282.15,25494.975,25381.1
25000,25001.4,25163.95,24787.05,25725.35,25298.875,25543.45,25400.275
25000,25024.15,25153.775,24776.35,25786.475,25275.375,25470.525,25349.4
25000,25055.2,25151.9,24835.625,25784.5,25250.75,25500.85,25334.95
25000,25034.975,25141.925,24851.375,25769.2,25237.625,25483.4,25376.525
25000,25048.35,25135.7,24871.15,25743.525,25296.525,25494.95,25393.775
25000,25024.275,25114.85,24879.8,25774.35,25253.825,25576.55,25373.5
25000,25008.85,25138.8,24869.05,25718.3,25341.275,25591.225,25332.875
25000,25006.8,25165.925,24879.4,25771.7,25273.4,25605.225,25324.575
25000,25005.775,25178.075,24871.5,25767.125,25312.5,25695,25288.525
25000,24993.2,25183.725,24910.65,25732.425,25241.875,25770.225,25390.4
25000,24985.15,25160.575,24955.725,25773.525,25327.25,25814.4,25494.625
25000,24992.25,25165.125,24963.1,25773.775,25330.85,25769.025,25452.375
25000,24991.3,25163.975,24980.175,25805.05,25337.275,25673.9,25499.85
25000,24994.575,25143.425,24935.75,25809.55,25377.975,25639.5,25537.325
25000,24980.025,25130.575,24984.35,25840.85,25400.9,25619.95,25565.4
25000,25001.275,25175.95,25013.35,25830.975,25412.225,25655.95,25617.85
25000,24995.825,25160.325,25022.35,25836.7,25441.325,25623.45,25667.15
25000,25011.3,25179.125,25055.9,25807.225,25443.3,25559.65,25604.725
25000,25015.975,25171.875,25066.4,25819.125,25469,25590.75,25587.9
25000,25022.175,25177.15,25073.525,25850.825,25423.75,25613,25665.025
25000,25050.225,25138.6,25065.225,25804.025,25378,25545.725,25694.575
25000,25063.925,25152.65,25099.825,25788.375,25388.95,25533.325,25683.725
25000,25065.525,25152.175,25096.55,25845.325,25420.35,25600.45,25666.5
25000,25063.275,25163.125,25060.575,25805.45,25430.925,25730.725,25729.5
25000,25051.675,25160.15,25113.225,25863.175,25429.55,25760.475,25796.675
25000,25054.15,25150.725,25131.65,25847.175,25440.65,25757.375,25691.925
25000,25058.625,25144.475,25125.975,25876.2,25454.6,25701.075,25740.475
25000,25053.95,25142.675,25109.225,25890.5,25468.35,25636.9,25744.775
25000,25034.3,25164.25,25152.6,25876.975,25457.55,25627.075,25843.75
25000,25051.275,25139.4,25153.2,25911.1,25512,25597.2,25898.025
25000,25056.325,25147.95,25125.05,25917.075,25556.775,25708.475,25909.35
25000,25055.9,25148.225,25077.025,25914.1,25591.775,25727.65,25974.275
25000,25071.95,25136.75,25135.425,25886.625,25599.825,25726.55,25946.6
25000,25066.725,25134.625,25192.1,25944.125,25518.125,25757.45,25837.7
25000,25101.05,25146.5,25223.975,26009.35,25584.4,25693.025,25880.65
25000,25116.2,25153.7,25250.4,26000.55,25606.75,25702.35,25807.725
25000,25120.05,25152.025,25296.875,26114.35,25655.275,25639.75,25855.475
25000,25119.525,25180.925,25302.375,26188.8,25637.8,25710.2,25859.45
25000,25137.275,25193.025,25252.025,26240.175,25580.1,25749.4,25868.05
25000,25124.275,25173.4,25238.35,26214.8,25632.95,25699.075,25894
25000,25116.25,25173.85,25257.875,26257.6,25533.425,25771.375,25897.275
25000,25129.4,25165.475,25271.575,26252.65,25534.475,25793.375,25931.075
25000,25155.575,25144.65,25260.55,26225.425,25553.525,25757.25,25998.3
25000,25154.45,25130.375,25248.75,26199.375,25579.725,25681.175,26001.5
25000,25150.175,25121.075,25238.825,26136.325,25559.025,25692.125,25930.8
25000,25159.075,25135.6,25246.525,26152.125,25521.45,25636.075,25958.7
25000,25166,25145.45,25247.475,26175.55,25581.175,25674,25933.55
25000,25139.025,25142.625,25252.95,26149.125,25629.125,25665.85,25962.225
25000,25118.8,25134.925,25321.75,26114.625,25716.075,25729.75,26011.85
25000,25122.075,25124.675,25295.3,26138,25738.025,25785.275,26126.95
25000,25109.6,25142.65,25291.725,26184.575,25792.15,25787.325,26223.725
25000,25113.65,25145.175,25282.45,26161.125,25778.875,25868.2,26313.6
25000,25115.9,25193.275,25301.2,26192.05,25830.45,25828.45,26271.15
25000,25089.1,25202.85,25305.425,26187.55,25814.45,25864.2,26228.95
25000,25079.575,25182.525,25329.75,26194.75,25823.05,25966.5,26200.1
25000,25079.375,25165.25,25314.55,26256,25787.475,25995.1,26252.475
25000,25071.2,25167.025,25327.075,26234.175,25769.05,26002.625,26194.275
25000,25077.925,25184.55,25333.275,26235.8,25725.95,26000.525,26228.325
25000,25083.05,25181.9,25370.175,26232.825,25739.825,25956.5,26231.85
25000,25081.925,25170.6,25358.4,26242.6,25788.725,25958.175,26299.15
25000,25085.4,25144.375,25365.9,26225.65,25771.95,25864.65,26338.85
25000,25093.275,25172.85,25380.3,26237.75,25832.6,25819,26310.55
25000,25108.275,25196.55,25343.475,26266.55,25793.325,25793.55,26435.55
25000,25093.725,25211.575,25345.75,26289.275,25845.675,25827.675,26449.65
25000,25099.275,25234.725,25368.575,26187.575,25801.525,25903.525,26522.625
25000,25093.45,25246.025,25375.675,26206.2,25811.7,25891.475,26443.6
25000,25096.325,25236.45,25432.475,26234.075,25796.3,25858.875,26423.125
25000,25106,25262.4,25441.9,26250.475,25753.175,25908.275,26452.775
25000,25113.875,25252.275,25465.525,26310.6,25778.525,25928.775,26364.775
25000,25132.25,25248.025,25464.35,26355.4,25851.55,25960.45,26268.325
25000,25132.35,25250.325,25496.575,26457.1,25875.275,25988.925,26281.675
25000,25133.8,25256.6,25493.95,26509.025,25829.25,26007.325,26203.05
25000,25136.425,25273.05,25497.25,26518.4,25809.15,25988.425,26333.125
25000,25141.625,25258.45,25473.575,26537.4,25836.975,26071.4,26327.45
25000,25153.275,25245.175,25512.65,26498.575,25837.7,26046.9,26406.8
25000,25156.05,25251.025,25549.7,26542.825,25849.075,26119.45,26438.725
25000,25142.275,25288.925,25549.525,26532.225,25821.675,26084.2,26496.675
25000,25136.7,25281.175,25595.975,26600.675,25874.35,26141.45,26490.6
25000,25154.075,25305.125,25643.3,26610.55,25903.075,26183.225,26493.8
25000,25162.175,25331.525,25667.35,26634.875,25883.85,26234.9,26488.3
25000,25167.9,25294.025,25649.15,26705.075,25920.725,26245.975,26446.675
25000,25152.575,25303.775,25683.875,26699.875,25905.5,26271.075,26518.525
25000,25164.85,25355.35,25671.525,26635.1,25920.925,26308.425,26626.175
25000,25168.725,25319.65,25664.55,26627.675,25924.65,26238.5,26596.125
25000,25178.775,25293.425,25670.625,26639.35,25923.275,26238.6,26633.85
25000,25198.45,25288.8,25670.55,26632.7,25857.775,26201.35,26666.975
25000,25181.225,25323.7,25659.75,26599.675,25811.775,26233.45,26742.75
25000,25178.55,25315.65,25697.2,26568.575,25888.075,26249.975,26850.2
25000,25171.2,25305.125,25749.975,26563.175,25938.475,26255,26826.85
25000,25174.05,25286.325,25756.225,26575.225,26008.525,26338.45,26869.075
25000,25182,25316.075,25734.15,26552.475,26044.975,26276.625,26906.35
25000,25173.775,25312.575,25789.575,26556.175,26099.1,26276.65,26977.725
25000,25181.575,25326.925,25760.175,26522.725,26047.375,26331.075,27007.575
25000,25170.825,25330.925,25722.2,26520.9,26080.025,26304.8,27087.975
25000,25191.375,25355.075,25702.725,26452.925,26053.4,26340,27056.9
25000,25193.075,25373.475,25733.975,26488.725,26021.675,26378.275,27066.85
25000,25197.275,25382.375,25719.225,26514.75,25957,26388.675,27110.15
25000,25190.75,25422.8,25737.675,26532.3,26004.55,26314.45,27155.425
25000,25187.1,25423.9,25724.275,26494.575,26013.9,26379.675,27137.425
25000,25197.55,25438.3,25719.275,26523.6,26035.5,26301.525,26995.6
25000,25210.275,25440.2,25701.2,26544.9,26042.85,26232.475,27011.15
25000,25221.7,25457.225,25761.3,26505.025,26056.725,26191.6,27048.1
25000,25220.6,25443.275,25778.15,26500.225,26010.35,26107.225,27019.925
25000,25221.85,25450.5,25787.55,26458.725,25994.9,26109.375,26947.1
25000,25227.8,25447.625,25803,26423.1,26053.85,26135.95,26917.225
25000,25232.625,25483.4,25799.65,26400.175,26069.225,26202.35,26872.55
25000,25233.425,25485,25834.75,26430.225,26117.025,26247.575,26777.525
25000,25246.675,25470.925,25784.825,26472.25,26199.775,26210.2,26745.55
25000,25266.5,25462.575,25825.6,26559.075,26220.875,26288.775,26774.525
25000,25241.65,25472.3,25859.675,26570.85,26252.525,26315.6,26808.925
25000,25256.825,25476.875,25875.1,26538.575,26275.325,26336.65,26812.125
25000,25269.325,25469.725,25880.2,26576.5,26383.05,26267.35,26861.175
25000,25255.25,25486.975,25916.8,26606.925,26372.55,26225.125,26874.8
25000,25229.225,25524.475,25935.875,26613.8,26363.6,26287.425,26844.175
25000,25256.375,25517.4,25945.775,26615.45,26411.775,26319.45,26899.225
25000,25280.225,25504.1,25974.25,26590.175,26454.825,26261.325,26851.275
25000,25263.1,25500.525,26019.9,26621.75,26485.425,26333.45,26919.5
25000,25269.625,25510.5,25962.825,26676.05,26454.25,26378.05,27056.375
25000,25299.675,25498.2,26036.175,26687.35,26438.175,26331.525,27003.15
25000,25308.75,25488.9,26010.15,26719.275,26555.725,26350.85,26928.25
25000,25300.375,25488.925,26035.55,26732.3,26576.325,26404.875,26969
25000,25282.375,25472.7,26033.1,26754.45,26625.65,26450.8,27017.225
25000,25256.95,25482.775,25985.025,26768.075,26606.525,26476.65,27100.25
25000,25259.275,25505.225,25998.8,26697.15,26647.275,26421.35,27206.875
25000,25243.425,25518.175,26011,26678.825,26605.625,26394.85,27262.2
25000,25230.7,25554.675,26049.925,26702.775,26692.625,26354.325,27276.375
25000,25205.575,25567.425,26016.425,26717.875,26751.625,26405.9,27355.45
25000,25206.4,25533.175,25986.675,26703.575,26803.05,26323.375,27368.975
25000,25190.925,25535.225,25974.375,26684.725,26831.325,26310.6,27342.9
25000,25184.475,25517.075,25983.275,26657.25,26785.85,26316.025,27388.925
25000,25189.375,25514.85,26013.025,26669.725,26954.525,26295.7,27476.8
25000,25188.4,25520.575,26005.8,26666.2,26948.65,26309.425,27468.775
25000,25225.875,25510.4,26021.575,26694.075,26949.7,26377.625,27554.1
25000,25247.925,25498.425,26049.15,26733.8,26967.95,26333.15,27538.15
25000,25242.45,25525.275,26014.725,26760.275,26956.475,26242.2,27411.55
25000,25229.05,25513.225,26006.35,26785.675,26960.1,26137.4,27435.875
25000,25221.825,25511.425,25967,26777.65,27002.975,26215.925,27509.675
25000,25210.725,25528.6,25968.75,26688.75,27061.7,26207.375,27421.725
25000,25223.375,25518.125,26011.925,26676.975,26978.25,26248.9,27549.2
25000,25238.6,25493.725,26026.15,26693.525,26984.375,26298.85,27579.625
25000,25249.875,25498,26002.35,26666.425,27083.2,26264.45,27562.75
25000,25257.825,25513.4,26002.575,26631.4,27129.2,26280.875,27492.175
25000,25259.875,25476.125,26036.95,26613.85,27239.775,26291.05,27502.9
25000,25253.525,25489.5,26058.4,26580.725,27291.4,26370.75,27624.425
25000,25239.175,25483.425,26041.775,26585.175,27308.475,26471.65,27714.525
25000,25255.975,25485.625,26050.95,26604.375,27420.975,26463.75,27655.225
25000,25253.825,25470.075,26027.525,26626.625,27435.55,26511.6,27732.575
25000,25259.925,25490.275,26032.825,26606.125,27429.925,26622.35,27740.9
25000,25224.475,25505.9,25983.875,26589.35,27354.525,26545.45,27744.4
25000,25189.5,25525.225,25986.55,26568.675,27408.925,26517.85,27821.875
25000,25198.725,25541.975,25930.275,26609.825,27354.35,26520.275,27793.35
25000,25222.85,25583.15,25941.575,26668.75,27351.6,26542.675,27747.25
25000,25233.375,25546.2,25938.85,26674.325,27332.85,26628.25,27835.975
25000,25226.925,25568.375,25934.675,26687.275,27375.125,26628.675,27880.325
25000,25231.9,25595.125,25992.575,26650.475,27326.225,26610.9,27830.525
25000,25247.275,25624.375,26042.925,26617.125,27282.5,26676.65,27803.325
25000,25257.7,25657.4,26038.325,26574.775,27324.675,26772.775,27886.15
25000,25260.725,25635.275,26023.1,26534.275,27339.175,26813.225,27880.65
25000,25278.8,25636,26006.675,26508.625,27344.575,26778.425,27948.15
25000,25281.925,25631.325,26000.5,26457.25,27339.95,26841.625,28025.7
25000,25270.625,25654.6,25993.3,26425.025,27353.575,26868.4,28022.4
25000,25276.275,25655.05,26037.3,26438.2,27307.85,26910.475,27975.125
25000,25296.35,25670.25,26093.625,26434.05,27283.175,26901.225,28012.75
25000,25321.825,25686.9,26113.5,26379.75,27290.075,26923.9,28003.175
25000,25336.35,25678.7,26161.225,26353.55,27334.35,26917.05,27933.025
25000,25340.5,25663.5,26127.675,26353.925,27328.95,26910.775,27851.725
25000,25334.7,25682.775,26139.2,26365.175,27352.9,26835.75,27875.925
25000,25324.1,25657.95,26127.4,26297.25,27362.8,26896.825,27880.15
25000,25312.425,25666.675,26129.2,26308,27323.675,26946.1,27922.775
25000,25314.325,25654.375,26118.075,26355.175,27301.975,27014.85,27873.75
25000,25312.1,25638.575,26161.75,26326.975,27319.5,26999.475,27853.35
25000,25335.55,25652.275,26145.2,26343.2,27325.075,27093,27848.5
25000,25347,25718.225,26134,26328.075,27347,27104,27870.45
25000,25344.1,25690.5,26136.95,26384.975,27366.525,27084.375,27915.2
25000,25345.225,25726.2,26174.5,26399.675,27312.925,27082.325,27912.7
25000,25353.425,25725.575,26193,26417.65,27326.25,27142.375,27975.825
25000,25335.925,25735.225,26223.975,26477.575,27334.175,27175.95,28074.2
25000,25345.225,25730.7,26287.15,26530.475,27435.05,27147.975,28066.35
25000,25364.8,25759.85,26319.725,26560.25,27431.5,27194.4,28154.45
25000,25349.85,25775.075,26347.175,26578.1,27453.15,27283,28189.6
25000,25346.375,25754.9,26405.55,26586.15,27514.45,27298.1,28236.075
25000,25353.9,25773.375,26402.85,26564.3,27599.825,27344.675,28196.325
25000,25377.225,25776.55,26416.125,26569.025,27558.675,27219.45,28185.3
25000,25381.275,25803.325,26435.375,26596.825,27612.75,27266.875,28257.625
25000,25392.725,25796.35,26537.875,26597.65,27606.3,27352.7,28225.25
25000,25384.3,25818.975,26489.175,26609.4,27585.475,27314.65,28200.1
25000,25378.175,25831.8,26542.65,26580.925,27591.9,27385.1,28138.675
25000,25375.2,25823.55,26571.775,26615.7,27520.275,27375.8,28080.775
25000,25378.725,25834.65,26560.175,26658.55,27465.5,27352.75,28093.725
25000,25363.45,25861.4,26509.45,26716.65,27499.425,27347.725,28158.125
25000,25367.9,25854.15,26509.575,26690.975,27554.925,27325.575,28151.1
25000,25375.225,25825.65,26537.85,26670.1,27593.325,27345.5,28223.7
25000,25375.95,25844.975,26568.3,26690.35,27605.525,27427.125,28216.15
25000,25389.4,25859.275,26566.85,26698.7,27683.025,27347.45,28129.75
25000,25383.325,25857.8,26601.775,26680.175,27754.15,27346.1,28151.375
25000,25393.2,25857.5,26597.15,26689.325,27776.775,27379.225,28119.5
25000,25387.45,25863.875,26644.725,26696.125,27886.075,27290.125,28156.75
25000,25396.8,25853.45,26650.075,26668.15,27863.85,27323.075,28144.2
25000,25430.75,25856.025,26700.875,26595.25,27828.15,27435.375,28226.675
25000,25435.65,25837.95,26698.125,26631.075,27866.3,27424.025,28392.275
25000,25449.275,25834.875,26814.05,26640.85,27876.65,27469.3,28417.225
25000,25449.325,25825.5,26840.225,26648.175,27924.725,27477.7,28422.15
25000,25452.55,25836.45,26802.35,26665.525,27966.5,27506.45,28441.05
25000,25448.85,25817.15,26834.575,26699.35,27959.475,27539.9,28466.675
25000,25442.025,25821.775,26874.5,26661.475,27916.525,27638.15,28442.575
25000,25434.075,25821.425,26844.4,26720.475,27839.15,27638.475,28528.225
25000,25421.9,25864.625,26861.45,26757.1,27904.625,27620.325,28512.875
25000,25427.65,25852.125,26830.4,26787.425,27903.1,27671.6,28498.175
25000,25438.35,25834,26840.325,26759.75,27888.5,27565.275,28519.525
25000,25441.3,25856.175,26844.85,26759.425,27856.8,27489.25,28463.725
25000,25447.4,25844.4,26873.525,26795.25,27920.475,27496.325,28410.5
25000,25417.7,25852.025,26864.575,26718.925,27895.425,27502.425,28498.175
25000,25423.025,25852.825,26853.45,26693.9,27917.275,27484.45,28548.775
25000,25409.775,25848.425,26883.325,26671.225,27839.975,27490.55,28670.175
25000,25385.15,25835.975,26882.25,26711.9,27932.2,27547.45,28748.025
25000,25375,25846.5,26829.025,26735.875,27906.525,27537.25,28869.4
25000,25377.975,25854.65,26802.2,26685.9,27889.825,27667.05,28827.525
25000,25378.125,25824.2,26804.275,26704.675,27882.825,27661.35,28840.75
25000,25397.975,25846.625,26791.1,26732.125,27886.35,27635.475,28866.7
25000,25417.35,25810.275,26771.825,26735.675,27918.15,27637.175,28877.025
25000,25435.35,25814.1,26837.175,26739.3,27948.8,27679.025,28911.3
25000,25438.15,25788,26850.65,26795,27954.325,27682.65,28795.325
25000,25447.725,25774.5,26827.9,26834.9,27971.3,27795.5,28855.525
25000,25446.4,25780.775,26919.65,26788.15,27999.3,27819.175,28832.125
25000,25454.75,25779.175,26945.75,26818.575,27936.9,27753.475,28822.75
25000,25439.55,25761.25,26895.125,26830.25,27915.525,27771.7,28834.8
25000,25445.625,25763.05,26895.375,26801.575,27982.95,27759.975,28806.575
50000,50000,50000,50000,50000,50000,50000,50000
50000,49967.4,49980.6,49939.55,49923.35,50051.5,50060.1,50130.65
50000,49990.25,50013.9,49870.15,49947.95,50164.95,50099.35,49916.35
50000,50032.9,49976.2,49839.45,50071.55,50224.15,50178.8,49761
50000,49995.75,50011.75,49797,50177.85,50257.8,50206.75,49890.8
50000,49987.75,50061.25,49808.95,50259.7,50256.8,50247.85,49865.55
50000,49989.45,50011.5,49785.3,50389.4,50343.8,50344.75,49981.7
50000,49984.6,50022.4,49779.55,50464.1,50300.4,50415.75,49880.9
50000,50031.85,50022.55,49784.2,50495.3,50354.5,50324,49995.7
50000,50060.05,49997.65,49848.9,50444.45,50474.1,50286.5,50055
50000,50078.15,50030.15,49788.25,50598.95,50386.35,50279.75,50195.65
50000,50071.55,50017.2,49811.2,50715.5,50360.4,50349,50197.35
50000,50104.3,50051.2,49876.85,50741.05,50422.65,50235.2,50274.15
50000,50150.4,50034.15,49944.6,50905.85,50459.85,50234.2,50244.65
50000,50165.9,50027.95,49765.45,50958.45,50409.6,50167.7,50417.4
50000,50166.7,50095.95,49779.25,50779.7,50523.05,50292.95,50510.05
50000,50172.25,50125.55,49783.2,50800.15,50559.7,50496,50645.7
50000,50133.65,50158.95,49778.1,50871.7,50521.2,50654,50653.5
50000,50147,50182.9,49770.2,50959.6,50505.55,50592.45,50666
50000,50145.5,50185.15,49728.7,51167.65,50506.4,50731.85,50572
50000,50112.4,50191.1,49608,51268.55,50430.65,50688.15,50515.95
50000,50140.9,50225.05,49588.7,51314.85,50523.85,50784.6,50636.05
50000,50069.35,50278.95,49664.9,51379.55,50614.45,50866.35,50654.25
50000,50086,50313.1,49651.75,51314.35,50531.4,50829.7,50713.05
50000,50065.2,50326.4,49598.75,51444.95,50557.95,50831.7,50697.85
50000,50020.35,50324.35,49571.35,51464.75,50564.3,50989.95,50762.2
50000,50002.8,50327.9,49574.1,51450.7,50597.75,51086.9,50800.55
50000,50048.3,50307.55,49552.7,51572.95,50550.75,50941.05,50698.8
50000,50110.4,50303.8,49671.25,51569,50501.5,51001.7,50669.9
50000,50069.95,50283.85,49702.75,51538.4,50475.25,50966.8,50753.05
50000,50096.7,50271.4,49742.3,51487.05,50593.05,50989.9,50787.55
50000,50048.55,50229.7,49759.6,51548.7,50507.65,51153.1,50747
50000,50017.7,50277.6,49738.1,51436.6,50682.55,51182.45,50665.75
50000,50013.6,50331.85,49758.8,51543.4,50546.8,51210.45,50649.15
50000,50011.55,50356.15,49743,51534.25,50625,51390,50577.05
50000,49986.4,50367.45,49821.3,51464.85,50483.75,51540.45,50780.8
50000,49970.3,50321.15,49911.45,51547.05,50654.5,51628.8,50989.25
50000,49984.5,50330.25,49926.2,51547.55,50661.7,51538.05,50904.75
50000,49982.6,50327.95,49960.35,51610.1,50674.55,51347.8,50999.7
50000,49989.15,50286.85,49871.5,51619.1,50755.95,51279,51074.65
50000,49960.05,50261.15,49968.7,51681.7,50801.8,51239.9,51130.8
50000,50002.55,50351.9,50026.7,51661.95,50824.45,51311.9,51235.7
50000,49991.65,50320.65,50044.7,51673.4,50882.65,51246.9,51334.3
50000,50022.6,50358.25,50111.8,51614.45,50886.6,51119.3,51209.45
50000,50031.95,50343.75,50132.8,51638.25,50938,51181.5,51175.8
50000,50044.35,50354.3,50147.05,51701.65,50847.5,51226,51330.05
50000,50100.45,50277.2,50130.45,51608.05,50756,51091.45,51389.15
50000,50127.85,50305.3,50199.65,51576.75,50777.9,51066.65,51367.45
50000,50131.05,50304.35,50193.1,51690.65,50840.7,51200.9,51333
50000,50126.55,50326.25,50121.15,51610.9,50861.85,51461.45,51459
50000,50103.35,50320.3,50226.45,51726.35,50859.1,51520.95,51593.35
50000,50108.3,50301.45,50263.3,51694.35,50881.3,51514.75,51383.85
50000,50117.25,50288.95,50251.95,51752.4,50909.2,51402.15,51480.95
50000,50107.9,50285.35,50218.45,51781,50936.7,51273.8,51489.55
50000,50068.6,50328.5,50305.2,51753.95,50915.1,51254.15,51687.5
50000,50102.55,50278.8,50306.4,51822.2,51024,51194.4,51796.05
50000,50112.65,50295.9,50250.1,51834.15,51113.55,51416.95,51818.7
50000,50111.8,50296.45,50154.05,51828.2,51183.55,51455.3,51948.55
50000,50143.9,50273.5,50270.85,51773.25,51199.65,51453.1,51893.2
50000,50133.45,50269.25,50384.2,51888.25,51036.25,51514.9,51675.4
50000,50202.1,50293,50447.95,52018.7,51168.8,51386.05,51761.3
50000,50232.4,50307.4,50500.8,52001.1,51213.5,51404.7,51615.45
50000,50240.1,50304.05,50593.75,52228.7,51310.55,51279.5,51710.95
50000,50239.05,50361.85,50604.75,52377.6,51275.6,51420.4,51718.9
50000,50274.55,50386.05,50504.05,52480.35,51160.2,51498.8,51736.1
50000,50248.55,50346.8,50476.7,52429.6,51265.9,51398.15,51788
50000,50232.5,50347.7,50515.75,52515.2,51066.85,51542.75,51794.55
50000,50258.8,50330.95,50543.15,52505.3,51068.95,51586.75,51862.15
50000,50311.15,50289.3,50521.1,52450.85,51107.05,51514.5,51996.6
50000,50308.9,50260.75,50497.5,52398.75,51159.45,51362.35,52003
50000,50300.35,50242.15,50477.65,52272.65,51118.05,51384.25,51861.6
50000,50318.15,50271.2,50493.05,52304.25,51042.9,51272.15,51917.4
50000,50332,50290.9,50494.95,52351.1,51162.35,51348,51867.1
50000,50278.05,50285.25,50505.9,52298.25,51258.25,51331.7,51924.45
50000,50237.6,50269.85,50643.5,52229.25,51432.15,51459.5,52023.7
50000,50244.15,50249.35,50590.6,52276,51476.05,51570.55,52253.9
50000,50219.2,50285.3,50583.45,52369.15,51584.3,51574.65,52447.45
50000,50227.3,50290.35,50564.9,52322.25,51557.75,51736.4,52627.2
50000,50231.8,50386.55,50602.4,52384.1,51660.9,51656.9,52542.3
50000,50178.2,50405.7,50610.85,52375.1,51628.9,51728.4,52457.9
50000,50159.15,50365.05,50659.5,52389.5,51646.1,51933,52400.2
50000,50158.75,50330.5,50629.1,52512,51574.95,51990.2,52504.95
50000,50142.4,50334.05,50654.15,52468.35,51538.1,52005.25,52388.55
50000,50155.85,50369.1,50666.55,52471.6,51451.9,52001.05,52456.65
50000,50166.1,50363.8,50740.35,52465.65,51479.65,51913,52463.7
50000,50163.85,50341.2,50716.8,52485.2,51577.45,51916.35,52598.3
50000,50170.8,50288.75,50731.8,52451.3,51543.9,51729.3,52677.7
50000,50186.55,50345.7,50760.6,52475.5,51665.2,51638,52621.1
50000,50216.55,50393.1,50686.95,52533.1,51586.65,51587.1,52871.1
50000,50187.45,50423.15,50691.5,52578.55,51691.35,51655.35,52899.3
50000,50198.55,50469.45,50737.15,52375.15,51603.05,51807.05,53045.25
50000,50186.9,50492.05,50751.35,52412.4,51623.4,51782.95,52887.2
50000,50192.65,50472.9,50864.95,52468.15,51592.6,51717.75,52846.25
50000,50212,50524.8,50883.8,52500.95,51506.35,51816.55,52905.55
50000,50227.75,50504.55,50931.05,52621.2,51557.05,51857.55,52729.55
50000,50264.5,50496.05,50928.7,52710.8,51703.1,51920.9,52536.65
50000,50264.7,50500.65,50993.15,52914.2,51750.55,51977.85,52563.35
50000,50267.6,50513.2,50987.9,53018.05,51658.5,52014.65,52406.1
50000,50272.85,50546.1,50994.5,53036.8,51618.3,51976.85,52666.25
50000,50283.25,50516.9,50947.15,53074.8,51673.95,52142.8,52654.9
50000,50306.55,50490.35,51025.3,52997.15,51675.4,52093.8,52813.6
50000,50312.1,50502.05,51099.4,53085.65,51698.15,52238.9,52877.45
50000,50284.55,50577.85,51099.05,53064.45,51643.35,52168.4,52993.35
50000,50273.4,50562.35,51191.95,53201.35,51748.7,52282.9,52981.2
50000,50308.15,50610.25,51286.6,53221.1,51806.15,52366.45,52987.6
50000,50324.35,50663.05,51334.7,53269.75,51767.7,52469.8,52976.6
50000,50335.8,50588.05,51298.3,53410.15,51841.45,52491.95,52893.35
50000,50305.15,50607.55,51367.75,53399.75,51811,52542.15,53037.05
50000,50329.7,50710.7,51343.05,53270.2,51841.85,52616.85,53252.35
50000,50337.45,50639.3,51329.1,53255.35,51849.3,52477,53192.25
50000,50357.55,50586.85,51341.25,53278.7,51846.55,52477.2,53267.7
50000,50396.9,50577.6,51341.1,53265.4,51715.55,52402.7,53333.95
50000,50362.45,50647.4,51319.5,53199.35,51623.55,52466.9,53485.5
50000,50357.1,50631.3,51394.4,53137.15,51776.15,52499.95,53700.4
50000,50342.4,50610.25,51499.95,53126.35,51876.95,52510,53653.7
50000,50348.1,50572.65,51512.45,53150.45,52017.05,52676.9,53738.15
50000,50364,50632.15,51468.3,53104.95,52089.95,52553.25,53812.7
50000,50347.55,50625.15,51579.15,53112.35,52198.2,52553.3,53955.45
50000,50363.15,50653.85,51520.35,53045.45,52094.75,52662.15,54015.15
50000,50341.65,50661.85,51444.4,53041.8,52160.05,52609.6,54175.95
50000,50382.75,50710.15,51405.45,52905.85,52106.8,52680,54113.8
50000,50386.15,50746.95,51467.95,52977.45,52043.35,52756.55,54133.7
50000,50394.55,50764.75,51438.45,53029.5,51914,52777.35,54220.3
50000,50381.5,50845.6,51475.35,53064.6,52009.1,52628.9,54310.85
50000,50374.2,50847.8,51448.55,52989.15,52027.8,52759.35,54274.85
50000,50395.1,50876.6,51438.55,53047.2,52071,52603.05,53991.2
50000,50420.55,50880.4,51402.4,53089.8,52085.7,52464.95,54022.3
50000,50443.4,50914.45,51522.6,53010.05,52113.45,52383.2,54096.2
50000,50441.2,50886.55,51556.3,53000.45,52020.7,52214.45,54039.85
50000,50443.7,50901,51575.1,52917.45,51989.8,52218.75,53894.2
50000,50455.6,50895.25,51606,52846.2,52107.7,52271.9,53834.45
50000,50465.25,50966.8,51599.3,52800.35,52138.45,52404.7,53745.1
50000,50466.85,50970,51669.5,52860.45,52234.05,52495.15,53555.05
50000,50493.35,50941.85,51569.65,52944.5,52399.55,52420.4,53491.1
50000,50533,50925.15,51651.2,53118.15,52441.75,52577.55,53549.05
50000,50483.3,50944.6,51719.35,53141.7,52505.05,52631.2,53617.85
50000,50513.65,50953.75,51750.2,53077.15,52550.65,52673.3,53624.25
50000,50538.65,50939.45,51760.4,53153,52766.1,52534.7,53722.35
50000,50510.5,50973.95,51833.6,53213.85,52745.1,52450.25,53749.6
50000,50458.45,51048.95,51871.75,53227.6,52727.2,52574.85,53688.35
50000,50512.75,51034.8,51891.55,53230.9,52823.55,52638.9,53798.45
50000,50560.45,51008.2,51948.5,53180.35,52909.65,52522.65,53702.55
50000,50526.2,51001.05,52039.8,53243.5,52970.85,52666.9,53839
50000,50539.25,51021,51925.65,53352.1,52908.5,52756.1,54112.75
50000,50599.35,50996.4,52072.35,53374.7,52876.35,52663.05,54006.3
50000,50617.5,50977.8,52020.3,53438.55,53111.45,52701.7,53856.5
50000,50600.75,50977.85,52071.1,53464.6,53152.65,52809.75,53938
50000,50564.75,50945.4,52066.2,53508.9,53251.3,52901.6,54034.45
50000,50513.9,50965.55,51970.05,53536.15,53213.05,52953.3,54200.5
50000,50518.55,51010.45,51997.6,53394.3,53294.55,52842.7,54413.75
50000,50486.85,51036.35,52022,53357.65,53211.25,52789.7,54524.4
50000,50461.4,51109.35,52099.85,53405.55,53385.25,52708.65,54552.75
50000,50411.15,51134.85,52032.85,53435.75,53503.25,52811.8,54710.9
50000,50412.8,51066.35,51973.35,53407.15,53606.1,52646.75,54737.95
50000,50381.85,51070.45,51948.75,53369.45,53662.65,52621.2,54685.8
50000,50368.95,51034.15,51966.55,53314.5,53571.7,52632.05,54777.85
50000,50378.75,51029.7,52026.05,53339.45,53909.05,52591.4,54953.6
50000,50376.8,51041.15,52011.6,53332.4,53897.3,52618.85,54937.55
50000,50451.75,51020.8,52043.15,53388.15,53899.4,52755.25,55108.2
50000,50495.85,50996.85,52098.3,53467.6,53935.9,52666.3,55076.3
50000,50484.9,51050.55,52029.45,53520.55,53912.95,52484.4,54823.1
50000,50458.1,51026.45,52012.7,53571.35,53920.2,52274.8,54871.75
50000,50443.65,51022.85,51934,53555.3,54005.95,52431.85,55019.35
50000,50421.45,51057.2,51937.5,53377.5,54123.4,52414.75,54843.45
50000,50446.75,51036.25,52023.85,53353.95,53956.5,52497.8,55098.4
50000,50477.2,50987.45,52052.3,53387.05,53968.75,52597.7,55159.25
50000,50499.75,50996,52004.7,53332.85,54166.4,52528.9,55125.5
50000,50515.65,51026.8,52005.15,53262.8,54258.4,52561.75,54984.35
50000,50519.75,50952.25,52073.9,53227.7,54479.55,52582.1,55005.8
50000,50507.05,50979,52116.8,53161.45,54582.8,52741.5,55248.85
50000,50478.35,50966.85,52083.55,53170.35,54616.95,52943.3,55429.05
50000,50511.95,50971.25,52101.9,53208.75,54841.95,52927.5,55310.45
50000,50507.65,50940.15,52055.05,53253.25,54871.1,53023.2,55465.15
50000,50519.85,50980.55,52065.65,53212.25,54859.85,53244.7,55481.8
50000,50448.95,51011.8,51967.75,53178.7,54709.05,53090.9,55488.8
50000,50379,51050.45,51973.1,53137.35,54817.85,53035.7,55643.75
50000,50397.45,51083.95,51860.55,53219.65,54708.7,53040.55,55586.7
50000,50445.7,51166.3,51883.15,53337.5,54703.2,53085.35,55494.5
50000,50466.75,51092.4,51877.7,53348.65,54665.7,53256.5,55671.95
50000,50453.85,51136.75,51869.35,53374.55,54750.25,53257.35,55760.65
50000,50463.8,51190.25,51985.15,53300.95,54652.45,53221.8,55661.05
50000,50494.55,51248.75,52085.85,53234.25,54565,53353.3,55606.65
50000,50515.4,51314.8,52076.65,53149.55,54649.35,53545.55,55772.3
50000,50521.45,51270.55,52046.2,53068.55,54678.35,53626.45,55761.3
50000,50557.6,51272,52013.35,53017.25,54689.15,53556.85,55896.3
50000,50563.85,51262.65,52001,52914.5,54679.9,53683.25,56051.4
50000,50541.25,51309.2,51986.6,52850.05,54707.15,53736.8,56044.8
50000,50552.55,51310.1,52074.6,52876.4,54615.7,53820.95,55950.25
50000,50592.7,51340.5,52187.25,52868.1,54566.35,53802.45,56025.5
50000,50643.65,51373.8,52227,52759.5,54580.15,53847.8,56006.35
50000,50672.7,51357.4,52322.45,52707.1,54668.7,53834.1,55866.05
50000,50681,51327,52255.35,52707.85,54657.9,53821.55,55703.45
50000,50669.4,51365.55,52278.4,52730.35,54705.8,53671.5,55751.85
50000,50648.2,51315.9,52254.8,52594.5,54725.6,53793.65,55760.3
50000,50624.85,51333.35,52258.4,52616,54647.35,53892.2,55845.55
50000,50628.65,51308.75,52236.15,52710.35,54603.95,54029.7,55747.5
50000,50624.2,51277.15,52323.5,52653.95,54639,53998.95,55706.7
50000,50671.1,51304.55,52290.4,52686.4,54650.15,54186,55697
50000,50694,51436.45,52268,52656.15,54694,54208,55740.9
50000,50688.2,51381,52273.9,52769.95,54733.05,54168.75,55830.4
50000,50690.45,51452.4,52349,52799.35,54625.85,54164.65,55825.4
50000,50706.85,51451.15,52386,52835.3,54652.5,54284.75,55951.65
50000,50671.85,51470.45,52447.95,52955.15,54668.35,54351.9,56148.4
50000,50690.45,51461.4,52574.3,53060.95,54870.1,54295.95,56132.7
50000,50729.6,51519.7,52639.45,53120.5,54863,54388.8,56308.9
50000,50699.7,51550.15,52694.35,53156.2,54906.3,54566,56379.2
50000,50692.75,51509.8,52811.1,53172.3,55028.9,54596.2,56472.15
50000,50707.8,51546.75,52805.7,53128.6,55199.65,54689.35,56392.65
50000,50754.45,51553.1,52832.25,53138.05,55117.35,54438.9,56370.6
50000,50762.55,51606.65,52870.75,53193.65,55225.5,54533.75,56515.25
50000,50785.45,51592.7,53075.75,53195.3,55212.6,54705.4,56450.5
50000,50768.6,51637.95,52978.35,53218.8,55170.95,54629.3,56400.2
50000,50756.35,51663.6,53085.3,53161.85,55183.8,54770.2,56277.35
50000,50750.4,51647.1,53143.55,53231.4,55040.55,54751.6,56161.55
50000,50757.45,51669.3,53120.35,53317.1,54931,54705.5,56187.45
50000,50726.9,51722.8,53018.9,53433.3,54998.85,54695.45,56316.25
50000,50735.8,51708.3,53019.15,53381.95,55109.85,54651.15,56302.2
50000,50750.45,51651.3,53075.7,53340.2,55186.65,54691,56447.4
50000,50751.9,51689.95,53136.6,53380.7,55211.05,54854.25,56432.3
50000,50778.8,51718.55,53133.7,53397.4,55366.05,54694.9,56259.5
50000,50766.65,51715.6,53203.55,53360.35,55508.3,54692.2,56302.75
50000,50786.4,51715,53194.3,53378.65,55553.55,54758.45,56239
50000,50774.9,51727.75,53289.45,53392.25,55772.15,54580.25,56313.5
50000,50793.6,51706.9,53300.15,53336.3,55727.7,54646.15,56288.4
50000,50861.5,51712.05,53401.75,53190.5,55656.3,54870.75,56453.35
50000,50871.3,51675.9,53396.25,53262.15,55732.6,54848.05,56784.55
50000,50898.55,51669.75,53628.1,53281.7,55753.3,54938.6,56834.45
50000,50898.65,51651,53680.45,53296.35,55849.45,54955.4,56844.3
50000,50905.1,51672.9,53604.7,53331.05,55933,55012.9,56882.1
50000,50897.7,51634.3,53669.15,53398.7,55918.95,55079.8,56933.35
50000,50884.05,51643.55,53749,53322.95,55833.05,55276.3,56885.15
50000,50868.15,51642.85,53688.8,53440.95,55678.3,55276.95,57056.45
50000,50843.8,51729.25,53722.9,53514.2,55809.25,55240.65,57025.75
50000,50855.3,51704.25,53660.8,53574.85,55806.2,55343.2,56996.35
50000,50876.7,51668,53680.65,53519.5,55777,55130.55,57039.05
50000,50882.6,51712.35,53689.7,53518.85,55713.6,54978.5,56927.45
50000,50894.8,51688.8,53747.05,53590.5,55840.95,54992.65,56821
50000,50835.4,51704.05,53729.15,53437.85,55790.85,55004.85,56996.35
50000,50846.05,51705.65,53706.9,53387.8,55834.55,54968.9,57097.55
50000,50819.55,51696.85,53766.65,53342.45,55679.95,54981.1,57340.35
50000,50770.3,51671.95,53764.5,53423.8,55864.4,55094.9,57496.05
50000,50750,51693,53658.05,53471.75,55813.05,55074.5,57738.8
50000,50755.95,51709.3,53604.4,53371.8,55779.65,55334.1,57655.05
50000,50756.25,51648.4,53608.55,53409.35,55765.65,55322.7,57681.5
50000,50795.95,51693.25,53582.2,53464.25,55772.7,55270.95,57733.4
50000,50834.7,51620.55,53543.65,53471.35,55836.3,55274.35,57754.05
50000,50870.7,51628.2,53674.35,53478.6,55897.6,55358.05,57822.6
50000,50876.3,51576,53701.3,53590,55908.65,55365.3,57590.65
50000,50895.45,51549,53655.8,53669.8,55942.6,55591,57711.05
50000,50892.8,51561.55,53839.3,53576.3,55998.6,55638.35,57664.25
50000,50909.5,51558.35,53891.5,53637.15,55873.8,55506.95,57645.5
50000,50879.1,51522.5,53790.25,53660.5,55831.05,55543.4,57669.6
50000,50891.25,51526.1,53790.75,53603.15,55965.9,55519.95,57613.15
100000,100000,100000,100000,100000,100000,100000,100000
100000,99934.8,99961.2,99879.1,99846.7,100103,100120.2,100261.3
100000,99980.5,100027.8,99740.3,99895.9,100329.9,100198.7,99832.7
100000,100065.8,99952.4,99678.9,100143.1,100448.3,100357.6,99522
100000,99991.5,100023.5,99594,100355.7,100515.6,100413.5,99781.6
100000,99975.5,100122.5,99617.9,100519.4,100513.6,100495.7,99731.1
100000,99978.9,100023,99570.6,100778.8,100687.6,100689.5,99963.4
100000,99969.2,100044.8,99559.1,100928.2,100600.8,100831.5,99761.8
100000,100063.7,100045.1,99568.4,100990.6,100709,100648,99991.4
100000,100120.1,99995.3,99697.8,100888.9,100948.2,100573,100110
100000,100156.3,100060.3,99576.5,101197.9,100772.7,100559.5,100391.3
100000,100143.1,100034.4,99622.4,101431,100720.8,100698,100394.7
100000,100208.6,100102.4,99753.7,101482.1,100845.3,100470.4,100548.3
100000,100300.8,100068.3,99889.2,101811.7,100919.7,100468.4,100489.3
100000,100331.8,100055.9,99530.9,101916.9,100819.2,100335.4,100834.8
100000,100333.4,100191.9,99558.5,101559.4,101046.1,100585.9,101020.1
100000,100344.5,100251.1,99566.4,101600.3,101119.4,100992,101291.4
100000,100267.3,100317.9,99556.2,101743.4,101042.4,101308,101307
100000,100294,100365.8,99540.4,101919.2,101011.1,101184.9,101332
100000,100291,100370.3,99457.4,102335.3,101012.8,101463.7,101144
100000,100224.8,100382.2,99216,102537.1,100861.3,101376.3,101031.9
100000,100281.8,100450.1,99177.4,102629.7,101047.7,101569.2,101272.1
100000,100138.7,100557.9,99329.8,102759.1,101228.9,101732.7,101308.5
100000,100172,100626.2,99303.5,102628.7,101062.8,101659.4,101426.1
100000,100130.4,100652.8,99197.5,102889.9,101115.9,101663.4,101395.7
100000,100040.7,100648.7,99142.7,102929.5,101128.6,101979.9,101524.4
100000,100005.6,100655.8,99148.2,102901.4,101195.5,102173.8,101601.1
100000,100096.6,100615.1,99105.4,103145.9,101101.5,101882.1,101397.6
100000,100220.8,100607.6,99342.5,103138,101003,102003.4,101339.8
100000,100139.9,100567.7,99405.5,103076.8,100950.5,101933.6,101506.1
100000,100193.4,100542.8,99484.6,102974.1,101186.1,101979.8,101575.1
100000,100097.1,100459.4,99519.2,103097.4,101015.3,102306.2,101494
100000,100035.4,100555.2,99476.2,102873.2,101365.1,102364.9,101331.5
100000,100027.2,100663.7,99517.6,103086.8,101093.6,102420.9,101298.3
100000,100023.1,100712.3,99486,103068.5,101250,102780,101154.1
100000,99972.8,100734.9,99642.6,102929.7,100967.5,103080.9,101561.6
100000,99940.6,100642.3,99822.9,103094.1,101309,103257.6,101978.5
100000,99969,100660.5,99852.4,103095.1,101323.4,103076.1,101809.5
100000,99965.2,100655.9,99920.7,103220.2,101349.1,102695.6,101999.4
100000,99978.3,100573.7,99743,103238.2,101511.9,102558,102149.3
100000,99920.1,100522.3,99937.4,103363.4,101603.6,102479.8,102261.6
100000,100005.1,100703.8,100053.4,103323.9,101648.9,102623.8,102471.4
100000,99983.3,100641.3,100089.4,103346.8,101765.3,102493.8,102668.6
100000,100045.2,100716.5,100223.6,103228.9,101773.2,102238.6,102418.9
100000,100063.9,100687.5,100265.6,103276.5,101876,102363,102351.6
100000,100088.7,100708.6,100294.1,103403.3,101695,102452,102660.1
100000,100200.9,100554.4,100260.9,103216.1,101512,102182.9,102778.3
100000,100255.7,100610.6,100399.3,103153.5,101555.8,102133.3,102734.9
100000,100262.1,100608.7,100386.2,103381.3,101681.4,102401.8,102666
100000,100253.1,100652.5,100242.3,103221.8,101723.7,102922.9,102918
100000,100206.7,100640.6,100452.9,103452.7,101718.2,103041.9,103186.7
100000,100216.6,100602.9,100526.6,103388.7,101762.6,103029.5,102767.7
100000,100234.5,100577.9,100503.9,103504.8,101818.4,102804.3,102961.9
100000,100215.8,100570.7,100436.9,103562,101873.4,102547.6,102979.1
100000,100137.2,100657,100610.4,103507.9,101830.2,102508.3,103375
100000,100205.1,100557.6,100612.8,103644.4,102048,102388.8,103592.1
100000,100225.3,100591.8,100500.2,103668.3,102227.1,102833.9,103637.4
100000,100223.6,100592.9,100308.1,103656.4,102367.1,102910.6,103897.1
100000,100287.8,100547,100541.7,103546.5,102399.3,102906.2,103786.4
100000,100266.9,100538.5,100768.4,103776.5,102072.5,103029.8,103350.8
100000,100404.2,100586,100895.9,104037.4,102337.6,102772.1,103522.6
100000,100464.8,100614.8,101001.6,104002.2,102427,102809.4,103230.9
100000,100480.2,100608.1,101187.5,104457.4,102621.1,102559,103421.9
100000,100478.1,100723.7,101209.5,104755.2,102551.2,102840.8,103437.8
100000,100549.1,100772.1,101008.1,104960.7,102320.4,102997.6,103472.2
100000,100497.1,100693.6,100953.4,104859.2,102531.8,102796.3,103576
100000,100465,100695.4,101031.5,105030.4,102133.7,103085.5,103589.1
100000,100517.6,100661.9,101086.3,105010.6,102137.9,103173.5,103724.3
100000,100622.3,100578.6,101042.2,104901.7,102214.1,103029,103993.2
100000,100617.8,100521.5,100995,104797.5,102318.9,102724.7,104006
100000,100600.7,100484.3,100955.3,104545.3,102236.1,102768.5,103723.2
100000,100636.3,100542.4,100986.1,104608.5,102085.8,102544.3,103834.8
100000,100664,100581.8,100989.9,104702.2,102324.7,102696,103734.2
100000,100556.1,100570.5,101011.8,104596.5,102516.5,102663.4,103848.9
100000,100475.2,100539.7,101287,104458.5,102864.3,102919,104047.4
100000,100488.3,100498.7,101181.2,104552,102952.1,103141.1,104507.8
100000,100438.4,100570.6,101166.9,104738.3,103168.6,103149.3,104894.9
100000,100454.6,100580.7,101129.8,104644.5,103115.5,103472.8,105254.4
100000,100463.6,100773.1,101204.8,104768.2,103321.8,103313.8,105084.6
100000,100356.4,100811.4,101221.7,104750.2,103257.8,103456.8,104915.8
100000,100318.3,100730.1,101319,104779,103292.2,103866,104800.4
100000,100317.5,100661,101258.2,105024,103149.9,103980.4,105009.9
100000,100284.8,100668.1,101308.3,104936.7,103076.2,104010.5,104777.1
100000,100311.7,100738.2,101333.1,104943.2,102903.8,104002.1,104913.3
100000,100332.2,100727.6,101480.7,104931.3,102959.3,103826,104927.4
100000,100327.7,100682.4,101433.6,104970.4,103154.9,103832.7,105196.6
100000,100341.6,100577.5,101463.6,104902.6,103087.8,103458.6,105355.4
100000,100373.1,100691.4,101521.2,104951,103330.4,103276,105242.2
100000,100433.1,100786.2,101373.9,105066.2,103173.3,103174.2,105742.2
100000,100374.9,100846.3,101383,105157.1,103382.7,103310.7,105798.6
100000,100397.1,100938.9,101474.3,104750.3,103206.1,103614.1,106090.5
100000,100373.8,100984.1,101502.7,104824.8,103246.8,103565.9,105774.4
100000,100385.3,100945.8,101729.9,104936.3,103185.2,103435.5,105692.5
100000,100424,101049.6,101767.6,105001.9,103012.7,103633.1,105811.1
100000,100455.5,101009.1,101862.1,105242.4,103114.1,103715.1,105459.1
100000,100529,100992.1,101857.4,105421.6,103406.2,103841.8,105073.3
100000,100529.4,101001.3,101986.3,105828.4,103501.1,103955.7,105126.7
100000,100535.2,101026.4,101975.8,106036.1,103317,104029.3,104812.2
100000,100545.7,101092.2,101989,106073.6,103236.6,103953.7,105332.5
100000,100566.5,101033.8,101894.3,106149.6,103347.9,104285.6,105309.8
100000,100613.1,100980.7,102050.6,105994.3,103350.8,104187.6,105627.2
100000,100624.2,101004.1,102198.8,106171.3,103396.3,104477.8,105754.9
100000,100569.1,101155.7,102198.1,106128.9,103286.7,104336.8,105986.7
100000,100546.8,101124.7,102383.9,106402.7,103497.4,104565.8,105962.4
100000,100616.3,101220.5,102573.2,106442.2,103612.3,104732.9,105975.2
100000,100648.7,101326.1,102669.4,106539.5,103535.4,104939.6,105953.2
100000,100671.6,101176.1,102596.6,106820.3,103682.9,104983.9,105786.7
100000,100610.3,101215.1,102735.5,106799.5,103622,105084.3,106074.1
100000,100659.4,101421.4,102686.1,106540.4,103683.7,105233.7,106504.7
100000,100674.9,101278.6,102658.2,106510.7,103698.6,104954,106384.5
100000,100715.1,101173.7,102682.5,106557.4,103693.1,104954.4,106535.4
100000,100793.8,101155.2,102682.2,106530.8,103431.1,104805.4,106667.9
100000,100724.9,101294.8,102639,106398.7,103247.1,104933.8,106971
100000,100714.2,101262.6,102788.8,106274.3,103552.3,104999.9,107400.8
100000,100684.8,101220.5,102999.9,106252.7,103753.9,105020,107307.4
100000,100696.2,101145.3,103024.9,106300.9,104034.1,105353.8,107476.3
100000,100728,101264.3,102936.6,106209.9,104179.9,105106.5,107625.4
100000,100695.1,101250.3,103158.3,106224.7,104396.4,105106.6,107910.9
100000,100726.3,101307.7,103040.7,106090.9,104189.5,105324.3,108030.3
100000,100683.3,101323.7,102888.8,106083.6,104320.1,105219.2,108351.9
100000,100765.5,101420.3,102810.9,105811.7,104213.6,105360,108227.6
100000,100772.3,101493.9,102935.9,105954.9,104086.7,105513.1,108267.4
100000,100789.1,101529.5,102876.9,106059,103828,105554.7,108440.6
100000,100763,101691.2,102950.7,106129.2,104018.2,105257.8,108621.7
100000,100748.4,101695.6,102897.1,105978.3,104055.6,105518.7,108549.7
100000,100790.2,101753.2,102877.1,106094.4,104142,105206.1,107982.4
100000,100841.1,101760.8,102804.8,106179.6,104171.4,104929.9,108044.6
100000,100886.8,101828.9,103045.2,106020.1,104226.9,104766.4,108192.4
100000,100882.4,101773.1,103112.6,106000.9,104041.4,104428.9,108079.7
100000,100887.4,101802,103150.2,105834.9,103979.6,104437.5,107788.4
100000,100911.2,101790.5,103212,105692.4,104215.4,104543.8,107668.9
100000,100930.5,101933.6,103198.6,105600.7,104276.9,104809.4,107490.2
100000,100933.7,101940,103339,105720.9,104468.1,104990.3,107110.1
100000,100986.7,101883.7,103139.3,105889,104799.1,104840.8,106982.2
100000,101066,101850.3,103302.4,106236.3,104883.5,105155.1,107098.1
100000,100966.6,101889.2,103438.7,106283.4,105010.1,105262.4,107235.7
100000,101027.3,101907.5,103500.4,106154.3,105101.3,105346.6,107248.5
100000,101077.3,101878.9,103520.8,106306,105532.2,105069.4,107444.7
100000,101021,101947.9,103667.2,106427.7,105490.2,104900.5,107499.2
100000,100916.9,102097.9,103743.5,106455.2,105454.4,105149.7,107376.7
100000,101025.5,102069.6,103783.1,106461.8,105647.1,105277.8,107596.9
100000,101120.9,102016.4,103897,106360.7,105819.3,105045.3,107405.1
100000,101052.4,102002.1,104079.6,106487,105941.7,105333.8,107678
100000,101078.5,102042,103851.3,106704.2,105817,105512.2,108225.5
100000,101198.7,101992.8,104144.7,106749.4,105752.7,105326.1,108012.6
100000,101235,101955.6,104040.6,106877.1,106222.9,105403.4,107713
100000,101201.5,101955.7,104142.2,106929.2,106305.3,105619.5,107876
100000,101129.5,101890.8,104132.4,107017.8,106502.6,105803.2,108068.9
100000,101027.8,101931.1,103940.1,107072.3,106426.1,105906.6,108401
100000,101037.1,102020.9,103995.2,106788.6,106589.1,105685.4,108827.5
100000,100973.7,102072.7,104044,106715.3,106422.5,105579.4,109048.8
100000,100922.8,102218.7,104199.7,106811.1,106770.5,105417.3,109105.5
100000,100822.3,102269.7,104065.7,106871.5,107006.5,105623.6,109421.8
100000,100825.6,102132.7,103946.7,106814.3,107212.2,105293.5,109475.9
100000,100763.7,102140.9,103897.5,106738.9,107325.3,105242.4,109371.6
100000,100737.9,102068.3,103933.1,106629,107143.4,105264.1,109555.7
100000,100757.5,102059.4,104052.1,106678.9,107818.1,105182.8,109907.2
100000,100753.6,102082.3,104023.2,106664.8,107794.6,105237.7,109875.1
100000,100903.5,102041.6,104086.3,106776.3,107798.8,105510.5,110216.4
100000,100991.7,101993.7,104196.6,106935.2,107871.8,105332.6,110152.6
100000,100969.8,102101.1,104058.9,107041.1,107825.9,104968.8,109646.2
100000,100916.2,102052.9,104025.4,107142.7,107840.4,104549.6,109743.5
100000,100887.3,102045.7,103868,107110.6,108011.9,104863.7,110038.7
100000,100842.9,102114.4,103875,106755,108246.8,104829.5,109686.9
100000,100893.5,102072.5,104047.7,106707.9,107913,104995.6,110196.8
100000,100954.4,101974.9,104104.6,106774.1,107937.5,105195.4,110318.5
100000,100999.5,101992,104009.4,106665.7,108332.8,105057.8,110251
100000,101031.3,102053.6,104010.3,106525.6,108516.8,105123.5,109968.7
100000,101039.5,101904.5,104147.8,106455.4,108959.1,105164.2,110011.6
100000,101014.1,101958,104233.6,106322.9,109165.6,105483,110497.7
100000,100956.7,101933.7,104167.1,106340.7,109233.9,105886.6,110858.1
100000,101023.9,101942.5,104203.8,106417.5,109683.9,105855,110620.9
100000,101015.3,101880.3,104110.1,106506.5,109742.2,106046.4,110930.3
100000,101039.7,101961.1,104131.3,106424.5,109719.7,106489.4,110963.6
100000,100897.9,102023.6,103935.5,106357.4,109418.1,106181.8,110977.6
100000,100758,102100.9,103946.2,106274.7,109635.7,106071.4,111287.5
100000,100794.9,102167.9,103721.1,106439.3,109417.4,106081.1,111173.4
100000,100891.4,102332.6,103766.3,106675,109406.4,106170.7,110989
100000,100933.5,102184.8,103755.4,106697.3,109331.4,106513,111343.9
100000,100907.7,102273.5,103738.7,106749.1,109500.5,106514.7,111521.3
100000,100927.6,102380.5,103970.3,106601.9,109304.9,106443.6,111322.1
100000,100989.1,102497.5,104171.7,106468.5,109130,106706.6,111213.3
100000,101030.8,102629.6,104153.3,106299.1,109298.7,107091.1,111544.6
100000,101042.9,102541.1,104092.4,106137.1,109356.7,107252.9,111522.6
100000,101115.2,102544,104026.7,106034.5,109378.3,107113.7,111792.6
100000,101127.7,102525.3,104002,105829,109359.8,107366.5,112102.8
100000,101082.5,102618.4,103973.2,105700.1,109414.3,107473.6,112089.6
100000,101105.1,102620.2,104149.2,105752.8,109231.4,107641.9,111900.5
100000,101185.4,102681,104374.5,105736.2,109132.7,107604.9,112051
100000,101287.3,102747.6,104454,105519,109160.3,107695.6,112012.7
100000,101345.4,102714.8,104644.9,105414.2,109337.4,107668.2,111732.1
100000,101362,102654,104510.7,105415.7,109315.8,107643.1,111406.9
100000,101338.8,102731.1,104556.8,105460.7,109411.6,107343,111503.7
100000,101296.4,102631.8,104509.6,105189,109451.2,107587.3,111520.6
100000,101249.7,102666.7,104516.8,105232,109294.7,107784.4,111691.1
100000,101257.3,102617.5,104472.3,105420.7,109207.9,108059.4,111495
100000,101248.4,102554.3,104647,105307.9,109278,107997.9,111413.4
100000,101342.2,102609.1,104580.8,105372.8,109300.3,108372,111394
100000,101388,102872.9,104536,105312.3,109388,108416,111481.8
100000,101376.4,102762,104547.8,105539.9,109466.1,108337.5,111660.8
100000,101380.9,102904.8,104698,105598.7,109251.7,108329.3,111650.8
100000,101413.7,102902.3,104772,105670.6,109305,108569.5,111903.3
100000,101343.7,102940.9,104895.9,105910.3,109336.7,108703.8,112296.8
100000,101380.9,102922.8,105148.6,106121.9,109740.2,108591.9,112265.4
100000,101459.2,103039.4,105278.9,106241,109726,108777.6,112617.8
100000,101399.4,103100.3,105388.7,106312.4,109812.6,109132,112758.4
100000,101385.5,103019.6,105622.2,106344.6,110057.8,109192.4,112944.3
100000,101415.6,103093.5,105611.4,106257.2,110399.3,109378.7,112785.3
100000,101508.9,103106.2,105664.5,106276.1,110234.7,108877.8,112741.2
100000,101525.1,103213.3,105741.5,106387.3,110451,109067.5,113030.5
100000,101570.9,103185.4,106151.5,106390.6,110425.2,109410.8,112901
100000,101537.2,103275.9,105956.7,106437.6,110341.9,109258.6,112800.4
100000,101512.7,103327.2,106170.6,106323.7,110367.6,109540.4,112554.7
100000,101500.8,103294.2,106287.1,106462.8,110081.1,109503.2,112323.1
100000,101514.9,103338.6,106240.7,106634.2,109862,109411,112374.9
100000,101453.8,103445.6,106037.8,106866.6,109997.7,109390.9,112632.5
100000,101471.6,103416.6,106038.3,106763.9,110219.7,109302.3,112604.4
100000,101500.9,103302.6,106151.4,106680.4,110373.3,109382,112894.8
100000,101503.8,103379.9,106273.2,106761.4,110422.1,109708.5,112864.6
100000,101557.6,103437.1,106267.4,106794.8,110732.1,109389.8,112519
100000,101533.3,103431.2,106407.1,106720.7,111016.6,109384.4,112605.5
100000,101572.8,103430,106388.6,106757.3,111107.1,109516.9,112478
100000,101549.8,103455.5,106578.9,106784.5,111544.3,109160.5,112627
100000,101587.2,103413.8,106600.3,106672.6,111455.4,109292.3,112576.8
100000,101723,103424.1,106803.5,106381,111312.6,109741.5,112906.7
100000,101742.6,103351.8,106792.5,106524.3,111465.2,109696.1,113569.1
100000,101797.1,103339.5,107256.2,106563.4,111506.6,109877.2,113668.9
100000,101797.3,103302,107360.9,106592.7,111698.9,109910.8,113688.6
100000,101810.2,103345.8,107209.4,106662.1,111866,110025.8,113764.2
100000,101795.4,103268.6,107338.3,106797.4,111837.9,110159.6,113866.7
100000,101768.1,103287.1,107498,106645.9,111666.1,110552.6,113770.3
100000,101736.3,103285.7,107377.6,106881.9,111356.6,110553.9,114112.9
100000,101687.6,103458.5,107445.8,107028.4,111618.5,110481.3,114051.5
100000,101710.6,103408.5,107321.6,107149.7,111612.4,110686.4,113992.7
100000,101753.4,103336,107361.3,107039,111554,110261.1,114078.1
100000,101765.2,103424.7,107379.4,107037.7,111427.2,109957,113854.9
100000,101789.6,103377.6,107494.1,107181,111681.9,109985.3,113642
100000,101670.8,103408.1,107458.3,106875.7,111581.7,110009.7,113992.7
100000,101692.1,103411.3,107413.8,106775.6,111669.1,109937.8,114195.1
100000,101639.1,103393.7,107533.3,106684.9,111359.9,109962.2,114680.7
100000,101540.6,103343.9,107529,106847.6,111728.8,110189.8,114992.1
100000,101500,103386,107316.1,106943.5,111626.1,110149,115477.6
100000,101511.9,103418.6,107208.8,106743.6,111559.3,110668.2,115310.1
100000,101512.5,103296.8,107217.1,106818.7,111531.3,110645.4,115363
100000,101591.9,103386.5,107164.4,106928.5,111545.4,110541.9,115466.8
100000,101669.4,103241.1,107087.3,106942.7,111672.6,110548.7,115508.1
100000,101741.4,103256.4,107348.7,106957.2,111795.2,110716.1,115645.2
100000,101752.6,103152,107402.6,107180,111817.3,110730.6,115181.3
100000,101790.9,103098,107311.6,107339.6,111885.2,111182,115422.1
100000,101785.6,103123.1,107678.6,107152.6,111997.2,111276.7,115328.5
100000,101819,103116.7,107783,107274.3,111747.6,111013.9,115291
100000,101758.2,103045,107580.5,107321,111662.1,111086.8,115339.2
100000,101782.5,103052.2,107581.5,107206.3,111931.8,111039.9,115226.3
500000,500000,500000,500000,500000,500000,500000,500000
500000,499674,499806,499395.5,499233.5,500515,500601,501306.5
500000,499902.5,500139,498701.5,499479.5,501649.5,500993.5,499163.5
500000,500329,499762,498394.5,500715.5,502241.5,501788,497610
500000,499957.5,500117.5,497970,501778.5,502578,502067.5,498908
500000,499877.5,500612.5,498089.5,502597,502568,502478.5,498655.5
500000,499894.5,500115,497853,503894,503438,503447.5,499817
500000,499846,500224,497795.5,504641,503004,504157.5,498809
500000,500318.5,500225.5,497842,504953,503545,503240,499957
500000,500600.5,499976.5,498489,504444.5,504741,502865,500550
500000,500781.5,500301.5,497882.5,505989.5,503863.5,502797.5,501956.5
500000,500715.5,500172,498112,507155,503604,503490,501973.5
500000,501043,500512,498768.5,507410.5,504226.5,502352,502741.5
500000,501504,500341.5,499446,509058.5,504598.5,502342,502446.5
500000,501659,500279.5,497654.5,509584.5,504096,501677,504174
500000,501667,500959.5,497792.5,507797,505230.5,502929.5,505100.5
500000,501722.5,501255.5,497832,508001.5,505597,504960,506457
500000,501336.5,501589.5,497781,508717,505212,506540,506535
500000,501470,501829,497702,509596,505055.5,505924.5,506660
500000,501455,501851.5,497287,511676.5,505064,507318.5,505720
500000,501124,501911,496080,512685.5,504306.5,506881.5,505159.5
500000,501409,502250.5,495887,513148.5,505238.5,507846,506360.5
500000,500693.5,502789.5,496649,513795.5,506144.5,508663.5,506542.5
500000,500860,503131,496517.5,513143.5,505314,508297,507130.5
500000,500652,503264,495987.5,514449.5,505579.5,508317,506978.5
500000,500203.5,503243.5,495713.5,514647.5,505643,509899.5,507622
500000,500028,503279,495741,514507,505977.5,510869,508005.5
500000,500483,503075.5,495527,515729.5,505507.5,509410.5,506988
500000,501104,503038,496712.5,515690,505015,510017,506699
500000,500699.5,502838.5,497027.5,515384,504752.5,509668,507530.5
500000,500967,502714,497423,514870.5,505930.5,509899,507875.5
500000,500485.5,502297,497596,515487,505076.5,511531,507470
500000,500177,502776,497381,514366,506825.5,511824.5,506657.5
500000,500136,503318.5,497588,515434,505468,512104.5,506491.5
500000,500115.5,503561.5,497430,515342.5,506250,513900,505770.5
500000,499864,503674.5,498213,514648.5,504837.5,515404.5,507808
500000,499703,503211.5,499114.5,515470.5,506545,516288,509892.5
500000,499845,503302.5,499262,515475.5,506617,515380.5,509047.5
500000,499826,503279.5,499603.5,516101,506745.5,513478,509997
500000,499891.5,502868.5,498715,516191,507559.5,512790,510746.5
500000,499600.5,502611.5,499687,516817,508018,512399,511308
500000,500025.5,503519,500267,516619.5,508244.5,513119,512357
500000,499916.5,503206.5,500447,516734,508826.5,512469,513343
500000,500226,503582.5,501118,516144.5,508866,511193,512094.5
500000,500319.5,503437.5,501328,516382.5,509380,511815,511758
500000,500443.5,503543,501470.5,517016.5,508475,512260,513300.5
500000,501004.5,502772,501304.5,516080.5,507560,510914.5,513891.5
500000,501278.5,503053,501996.5,515767.5,507779,510666.5,513674.5
500000,501310.5,503043.5,501931,516906.5,508407,512009,513330
500000,501265.5,503262.5,501211.5,516109,508618.5,514614.5,514590
500000,501033.5,503203,502264.5,517263.5,508591,515209.5,515933.5
500000,501083,503014.5,502633,516943.5,508813,515147.5,513838.5
500000,501172.5,502889.5,502519.5,517524,509092,514021.5,514809.5
500000,501079,502853.5,502184.5,517810,509367,512738,514895.5
500000,500686,503285,503052,517539.5,509151,512541.5,516875
500000,501025.5,502788,503064,518222,510240,511944,517960.5
500000,501126.5,502959,502501,518341.5,511135.5,514169.5,518187
500000,501118,502964.5,501540.5,518282,511835.5,514553,519485.5
500000,501439,502735,502708.5,517732.5,511996.5,514531,518932
500000,501334.5,502692.5,503842,518882.5,510362.5,515149,516754
500000,502021,502930,504479.5,520187,511688,513860.5,517613
500000,502324,503074,505008,520011,512135,514047,516154.5
500000,502401,503040.5,505937.5,522287,513105.5,512795,517109.5
500000,502390.5,503618.5,506047.5,523776,512756,514204,517189
500000,502745.5,503860.5,505040.5,524803.5,511602,514988,517361
500000,502485.5,503468,504767,524296,512659,513981.5,517880
500000,502325,503477,505157.5,525152,510668.5,515427.5,517945.5
500000,502588,503309.5,505431.5,525053,510689.5,515867.5,518621.5
500000,503111.5,502893,505211,524508.5,511070.5,515145,519966
500000,503089,502607.5,504975,523987.5,511594.5,513623.5,520030
500000,503003.5,502421.5,504776.5,522726.5,511180.5,513842.5,518616
500000,503181.5,502712,504930.5,523042.5,510429,512721.5,519174
500000,503320,502909,504949.5,523511,511623.5,513480,518671
500000,502780.5,502852.5,505059,522982.5,512582.5,513317,519244.5
500000,502376,502698.5,506435,522292.5,514321.5,514595,520237
500000,502441.5,502493.5,505906,522760,514760.5,515705.5,522539
500000,502192,502853,505834.5,523691.5,515843,515746.5,524474.5
500000,502273,502903.5,505649,523222.5,515577.5,517364,526272
500000,502318,503865.5,506024,523841,516609,516569,525423
500000,501782,504057,506108.5,523751,516289,517284,524579
500000,501591.5,503650.5,506595,523895,516461,519330,524002
500000,501587.5,503305,506291,525120,515749.5,519902,525049.5
500000,501424,503340.5,506541.5,524683.5,515381,520052.5,523885.5
500000,501558.5,503691,506665.5,524716,514519,520010.5,524566.5
500000,501661,503638,507403.5,524656.5,514796.5,519130,524637
500000,501638.5,503412,507168,524852,515774.5,519163.5,525983
500000,501708,502887.5,507318,524513,515439,517293,526777
500000,501865.5,503457,507606,524755,516652,516380,526211
500000,502165.5,503931,506869.5,525331,515866.5,515871,528711
500000,501874.5,504231.5,506915,525785.5,516913.5,516553.5,528993
500000,501985.5,504694.5,507371.5,523751.5,516030.5,518070.5,530452.5
500000,501869,504920.5,507513.5,524124,516234,517829.5,528872
500000,501926.5,504729,508649.5,524681.5,515926,517177.5,528462.5
500000,502120,505248,508838,525009.5,515063.5,518165.5,529055.5
500000,502277.5,505045.5,509310.5,526212,515570.5,518575.5,527295.5
500000,502645,504960.5,509287,527108,517031,519209,525366.5
500000,502647,505006.5,509931.5,529142,517505.5,519778.5,525633.5
500000,502676,505132,509879,530180.5,516585,520146.5,524061
500000,502728.5,505461,509945,530368,516183,519768.5,526662.5
500000,502832.5,505169,509471.5,530748,516739.5,521428,526549
500000,503065.5,504903.5,510253,529971.5,516754,520938,528136
500000,503121,505020.5,510994,530856.5,516981.5,522389,528774.5
500000,502845.5,505778.5,510990.5,530644.5,516433.5,521684,529933.5
500000,502734,505623.5,511919.5,532013.5,517487,522829,529812
500000,503081.5,506102.5,512866,532211,518061.5,523664.5,529876
500000,503243.5,506630.5,513347,532697.5,517677,524698,529766
500000,503358,505880.5,512983,534101.5,518414.5,524919.5,528933.5
500000,503051.5,506075.5,513677.5,533997.5,518110,525421.5,530370.5
500000,503297,507107,513430.5,532702,518418.5,526168.5,532523.5
500000,503374.5,506393,513291,532553.5,518493,524770,531922.5
500000,503575.5,505868.5,513412.5,532787,518465.5,524772,532677
500000,503969,505776,513411,532654,517155.5,524027,533339.5
500000,503624.5,506474,513195,531993.5,516235.5,524669,534855
500000,503571,506313,513944,531371.5,517761.5,524999.5,537004
500000,503424,506102.5,514999.5,531263.5,518769.5,525100,536537
500000,503481,505726.5,515124.5,531504.5,520170.5,526769,537381.5
500000,503640,506321.5,514683,531049.5,520899.5,525532.5,538127
500000,503475.5,506251.5,515791.5,531123.5,521982,525533,539554.5
500000,503631.5,506538.5,515203.5,530454.5,520947.5,526621.5,540151.5
500000,503416.5,506618.5,514444,530418,521600.5,526096,541759.5
500000,503827.5,507101.5,514054.5,529058.5,521068,526800,541138
500000,503861.5,507469.5,514679.5,529774.5,520433.5,527565.5,541337
500000,503945.5,507647.5,514384.5,530295,519140,527773.5,542203
500000,503815,508456,514753.5,530646,520091,526289,543108.5
500000,503742,508478,514485.5,529891.5,520278,527593.5,542748.5
500000,503951,508766,514385.5,530472,520710,526030.5,539912
500000,504205.5,508804,514024,530898,520857,524649.5,540223
500000,504434,509144.5,515226,530100.5,521134.5,523832,540962
500000,504412,508865.5,515563,530004.5,520207,522144.5,540398.5
500000,504437,509010,515751,529174.5,519898,522187.5,538942
500000,504556,508952.5,516060,528462,521077,522719,538344.5
500000,504652.5,509668,515993,528003.5,521384.5,524047,537451
500000,504668.5,509700,516695,528604.5,522340.5,524951.5,535550.5
500000,504933.5,509418.5,515696.5,529445,523995.5,524204,534911
500000,505330,509251.5,516512,531181.5,524417.5,525775.5,535490.5
500000,504833,509446,517193.5,531417,525050.5,526312,536178.5
500000,505136.5,509537.5,517502,530771.5,525506.5,526733,536242.5
500000,505386.5,509394.5,517604,531530,527661,525347,537223.5
500000,505105,509739.5,518336,532138.5,527451,524502.5,537496
500000,504584.5,510489.5,518717.5,532276,527272,525748.5,536883.5
500000,505127.5,510348,518915.5,532309,528235.5,526389,537984.5
500000,505604.5,510082,519485,531803.5,529096.5,525226.5,537025.5
500000,505262,510010.5,520398,532435,529708.5,526669,538390
500000,505392.5,510210,519256.5,533521,529085,527561,541127.5
500000,505993.5,509964,520723.5,533747,528763.5,526630.5,540063
500000,506175,509778,520203,534385.5,531114.5,527017,538565
500000,506007.5,509778.5,520711,534646,531526.5,528097.5,539380
500000,505647.5,509454,520662,535089,532513,529016,540344.5
500000,505139,509655.5,519700.5,535361.5,532130.5,529533,542005
500000,505185.5,510104.5,519976,533943,532945.5,528427,544137.5
500000,504868.5,510363.5,520220,533576.5,532112.5,527897,545244
500000,504614,511093.5,520998.5,534055.5,533852.5,527086.5,545527.5
500000,504111.5,511348.5,520328.5,534357.5,535032.5,528118,547109
500000,504128,510663.5,519733.5,534071.5,536061,526467.5,547379.5
500000,503818.5,510704.5,519487.5,533694.5,536626.5,526212,546858
500000,503689.5,510341.5,519665.5,533145,535717,526320.5,547778.5
500000,503787.5,510297,520260.5,533394.5,539090.5,525914,549536
500000,503768,510411.5,520116,533324,538973,526188.5,549375.5
500000,504517.5,510208,520431.5,533881.5,538994,527552.5,551082
500000,504958.5,509968.5,520983,534676,539359,526663,550763
500000,504849,510505.5,520294.5,535205.5,539129.5,524844,548231
500000,504581,510264.5,520127,535713.5,539202,522748,548717.5
500000,504436.5,510228.5,519340,535553,540059.5,524318.5,550193.5
500000,504214.5,510572,519375,533775,541234,524147.5,548434.5
500000,504467.5,510362.5,520238.5,533539.5,539565,524978,550984
500000,504772,509874.5,520523,533870.5,539687.5,525977,551592.5
500000,504997.5,509960,520047,533328.5,541664,525289,551255
500000,505156.5,510268,520051.5,532628,542584,525617.5,549843.5
500000,505197.5,509522.5,520739,532277,544795.5,525821,550058
500000,505070.5,509790,521168,531614.5,545828,527415,552488.5
500000,504783.5,509668.5,520835.5,531703.5,546169.5,529433,554290.5
500000,505119.5,509712.5,521019,532087.5,548419.5,529275,553104.5
500000,505076.5,509401.5,520550.5,532532.5,548711,530232,554651.5
500000,505198.5,509805.5,520656.5,532122.5,548598.5,532447,554818
500000,504489.5,510118,519677.5,531787,547090.5,530909,554888
500000,503790,510504.5,519731,531373.5,548178.5,530357,556437.5
500000,503974.5,510839.5,518605.5,532196.5,547087,530405.5,555867
500000,504457,511663,518831.5,533375,547032,530853.5,554945
500000,504667.5,510924,518777,533486.5,546657,532565,556719.5
500000,504538.5,511367.5,518693.5,533745.5,547502.5,532573.5,557606.5
500000,504638,511902.5,519851.5,533009.5,546524.5,532218,556610.5
500000,504945.5,512487.5,520858.5,532342.5,545650,533533,556066.5
500000,505154,513148,520766.5,531495.5,546493.5,535455.5,557723
500000,505214.5,512705.5,520462,530685.5,546783.5,536264.5,557613
500000,505576,512720,520133.5,530172.5,546891.5,535568.5,558963
500000,505638.5,512626.5,520010,529145,546799,536832.5,560514
500000,505412.5,513092,519866,528500.5,547071.5,537368,560448
500000,505525.5,513101,520746,528764,546157,538209.5,559502.5
500000,505927,513405,521872.5,528681,545663.5,538024.5,560255
500000,506436.5,513738,522270,527595,545801.5,538478,560063.5
500000,506727,513574,523224.5,527071,546687,538341,558660.5
500000,506810,513270,522553.5,527078.5,546579,538215.5,557034.5
500000,506694,513655.5,522784,527303.5,547058,536715,557518.5
500000,506482,513159,522548,525945,547256,537936.5,557603
500000,506248.5,513333.5,522584,526160,546473.5,538922,558455.5
500000,506286.5,513087.5,522361.5,527103.5,546039.5,540297,557475
500000,506242,512771.5,523235,526539.5,546390,539989.5,557067
500000,506711,513045.5,522904,526864,546501.5,541860,556970
500000,506940,514364.5,522680,526561.5,546940,542080,557409
500000,506882,513810,522739,527699.5,547330.5,541687.5,558304
500000,506904.5,514524,523490,527993.5,546258.5,541646.5,558254
500000,507068.5,514511.5,523860,528353,546525,542847.5,559516.5
500000,506718.5,514704.5,524479.5,529551.5,546683.5,543519,561484
500000,506904.5,514614,525743,530609.5,548701,542959.5,561327
500000,507296,515197,526394.5,531205,548630,543888,563089
500000,506997,515501.5,526943.5,531562,549063,545660,563792
500000,506927.5,515098,528111,531723,550289,545962,564721.5
500000,507078,515467.5,528057,531286,551996.5,546893.5,563926.5
500000,507544.5,515531,528322.5,531380.5,551173.5,544389,563706
500000,507625.5,516066.5,528707.5,531936.5,552255,545337.5,565152.5
500000,507854.5,515927,530757.5,531953,552126,547054,564505
500000,507686,516379.5,529783.5,532188,551709.5,546293,564002
500000,507563.5,516636,530853,531618.5,551838,547702,562773.5
500000,507504,516471,531435.5,532314,550405.5,547516,561615.5
500000,507574.5,516693,531203.5,533171,549310,547055,561874.5
500000,507269,517228,530189,534333,549988.5,546954.5,563162.5
500000,507358,517083,530191.5,533819.5,551098.5,546511.5,563022
500000,507504.5,516513,530757,533402,551866.5,546910,564474
500000,507519,516899.5,531366,533807,552110.5,548542.5,564323
500000,507788,517185.5,531337,533974,553660.5,546949,562595
500000,507666.5,517156,532035.5,533603.5,555083,546922,563027.5
500000,507864,517150,531943,533786.5,555535.5,547584.5,562390
500000,507749,517277.5,532894.5,533922.5,557721.5,545802.5,563135
500000,507936,517069,533001.5,533363,557277,546461.5,562884
500000,508615,517120.5,534017.5,531905,556563,548707.5,564533.5
500000,508713,516759,533962.5,532621.5,557326,548480.5,567845.5
500000,508985.5,516697.5,536281,532817,557533,549386,568344.5
500000,508986.5,516510,536804.5,532963.5,558494.5,549554,568443
500000,509051,516729,536047,533310.5,559330,550129,568821
500000,508977,516343,536691.5,533987,559189.5,550798,569333.5
500000,508840.5,516435.5,537490,533229.5,558330.5,552763,568851.5
500000,508681.5,516428.5,536888,534409.5,556783,552769.5,570564.5
500000,508438,517292.5,537229,535142,558092.5,552406.5,570257.5
500000,508553,517042.5,536608,535748.5,558062,553432,569963.5
500000,508767,516680,536806.5,535195,557770,551305.5,570390.5
500000,508826,517123.5,536897,535188.5,557136,549785,569274.5
500000,508948,516888,537470.5,535905,558409.5,549926.5,568210
500000,508354,517040.5,537291.5,534378.5,557908.5,550048.5,569963.5
500000,508460.5,517056.5,537069,533878,558345.5,549689,570975.5
500000,508195.5,516968.5,537666.5,533424.5,556799.5,549811,573403.5
500000,507703,516719.5,537645,534238,558644,550949,574960.5
500000,507500,516930,536580.5,534717.5,558130.5,550745,577388
500000,507559.5,517093,536044,533718,557796.5,553341,576550.5
500000,507562.5,516484,536085.5,534093.5,557656.5,553227,576815
500000,507959.5,516932.5,535822,534642.5,557727,552709.5,577334
500000,508347,516205.5,535436.5,534713.5,558363,552743.5,577540.5
500000,508707,516282,536743.5,534786,558976,553580.5,578226
500000,508763,515760,537013,535900,559086.5,553653,575906.5
500000,508954.5,515490,536558,536698,559426,555910,577110.5
500000,508928,515615.5,538393,535763,559986,556383.5,576642.5
500000,509095,515583.5,538915,536371.5,558738,555069.5,576455
500000,508791,515225,537902.5,536605,558310.5,555434,576696
500000,508912.5,515261,537907.5,536031.5,559659,555199.5,576131.5
1000000,1000000,1000000,1000000,1000000,1000000,1000000,1000000
1000000,999348,999612,998791,998467,1001030,1001202,1002613
1000000,999805,1000278,997403,998959,1003299,1001987,998327
1000000,1000658,999524,996789,1001431,1004483,1003576,995220
1000000,999915,1000235,995940,1003557,1005156,1004135,997816
1000000,999755,1001225,996179,1005194,1005136,1004957,997311
1000000,999789,1000230,995706,1007788,1006876,1006895,999634
1000000,999692,1000448,995591,1009282,1006008,1008315,997618
1000000,1000637,1000451,995684,1009906,1007090,1006480,999914
1000000,1001201,999953,996978,1008889,1009482,1005730,1001100
1000000,1001563,1000603,995765,1011979,1007727,1005595,1003913
1000000,1001431,1000344,996224,1014310,1007208,1006980,1003947
1000000,1002086,1001024,997537,1014821,1008453,1004704,1005483
1000000,1003008,1000683,998892,1018117,1009197,1004684,1004893
1000000,1003318,1000559,995309,1019169,1008192,1003354,1008348
1000000,1003334,1001919,995585,1015594,1010461,1005859,1010201
1000000,1003445,1002511,995664,1016003,1011194,1009920,1012914
1000000,1002673,1003179,995562,1017434,1010424,1013080,1013070
1000000,1002940,1003658,995404,1019192,1010111,1011849,1013320
1000000,1002910,1003703,994574,1023353,1010128,1014637,1011440
1000000,1002248,1003822,992160,1025371,1008613,1013763,1010319
1000000,1002818,1004501,991774,1026297,1010477,1015692,1012721
1000000,1001387,1005579,993298,1027591,1012289,1017327,1013085
1000000,1001720,1006262,993035,1026287,1010628,1016594,1014261
1000000,1001304,1006528,991975,1028899,1011159,1016634,1013957
1000000,1000407,1006487,991427,1029295,1011286,1019799,1015244
1000000,1000056,1006558,991482,1029014,1011955,1021738,1016011
1000000,1000966,1006151,991054,1031459,1011015,1018821,1013976
1000000,1002208,1006076,993425,1031380,1010030,1020034,1013398
1000000,1001399,1005677,994055,1030768,1009505,1019336,1015061
1000000,1001934,1005428,994846,1029741,1011861,1019798,1015751
1000000,1000971,1004594,995192,1030974,1010153,1023062,1014940
1000000,1000354,1005552,994762,1028732,1013651,1023649,1013315
1000000,1000272,1006637,995176,1030868,1010936,1024209,1012983
1000000,1000231,1007123,994860,1030685,1012500,1027800,1011541
1000000,999728,1007349,996426,1029297,1009675,1030809,1015616
1000000,999406,1006423,998229,1030941,1013090,1032576,1019785
1000000,999690,1006605,998524,1030951,1013234,1030761,1018095
1000000,999652,1006559,999207,1032202,1013491,1026956,1019994
1000000,999783,1005737,997430,1032382,1015119,1025580,1021493
1000000,999201,1005223,999374,1033634,1016036,1024798,1022616
1000000,1000051,1007038,1000534,1033239,1016489,1026238,1024714
1000000,999833,1006413,1000894,1033468,1017653,1024938,1026686
1000000,1000452,1007165,1002236,1032289,1017732,1022386,1024189
1000000,1000639,1006875,1002656,1032765,1018760,1023630,1023516
1000000,1000887,1007086,1002941,1034033,1016950,1024520,1026601
1000000,1002009,1005544,1002609,1032161,1015120,1021829,1027783
1000000,1002557,1006106,1003993,1031535,1015558,1021333,1027349
1000000,1002621,1006087,1003862,1033813,1016814,1024018,1026660
1000000,1002531,1006525,1002423,1032218,1017237,1029229,1029180
1000000,1002067,1006406,1004529,1034527,1017182,1030419,1031867
1000000,1002166,1006029,1005266,1033887,1017626,1030295,1027677
1000000,1002345,1005779,1005039,1035048,1018184,1028043,1029619
1000000,1002158,1005707,1004369,1035620,1018734,1025476,1029791
1000000,1001372,1006570,1006104,1035079,1018302,1025083,1033750
1000000,1002051,1005576,1006128,1036444,1020480,1023888,1035921
1000000,1002253,1005918,1005002,1036683,1022271,1028339,1036374
1000000,1002236,1005929,1003081,1036564,1023671,1029106,1038971
1000000,1002878,1005470,1005417,1035465,1023993,1029062,1037864
1000000,1002669,1005385,1007684,1037765,1020725,1030298,1033508
1000000,1004042,1005860,1008959,1040374,1023376,1027721,1035226
1000000,1004648,1006148,1010016,1040022,1024270,1028094,1032309
1000000,1004802,1006081,1011875,1044574,1026211,1025590,1034219
1000000,1004781,1007237,1012095,1047552,1025512,1028408,1034378
1000000,1005491,1007721,1010081,1049607,1023204,1029976,1034722
1000000,1004971,1006936,1009534,1048592,1025318,1027963,1035760
1000000,1004650,1006954,1010315,1050304,1021337,1030855,1035891
1000000,1005176,1006619,1010863,1050106,1021379,1031735,1037243
1000000,1006223,1005786,1010422,1049017,1022141,1030290,1039932
1000000,1006178,1005215,1009950,1047975,1023189,1027247,1040060
1000000,1006007,1004843,1009553,1045453,1022361,1027685,1037232
1000000,1006363,1005424,1009861,1046085,1020858,1025443,1038348
1000000,1006640,1005818,1009899,1047022,1023247,1026960,1037342
1000000,1005561,1005705,1010118,1045965,1025165,1026634,1038489
1000000,1004752,1005397,1012870,1044585,1028643,1029190,1040474
1000000,1004883,1004987,1011812,1045520,1029521,1031411,1045078
1000000,1004384,1005706,1011669,1047383,1031686,1031493,1048949
1000000,1004546,1005807,1011298,1046445,1031155,1034728,1052544
1000000,1004636,1007731,1012048,1047682,1033218,1033138,1050846
1000000,1003564,1008114,1012217,1047502,1032578,1034568,1049158
1000000,1003183,1007301,1013190,1047790,1032922,1038660,1048004
1000000,1003175,1006610,1012582,1050240,1031499,1039804,1050099
1000000,1002848,1006681,1013083,1049367,1030762,1040105,1047771
1000000,1003117,1007382,1013331,1049432,1029038,1040021,1049133
1000000,1003322,1007276,1014807,1049313,1029593,1038260,1049274
1000000,1003277,1006824,1014336,1049704,1031549,1038327,1051966
1000000,1003416,1005775,1014636,1049026,1030878,1034586,1053554
1000000,1003731,1006914,1015212,1049510,1033304,1032760,1052422
1000000,1004331,1007862,1013739,1050662,1031733,1031742,1057422
1000000,1003749,1008463,1013830,1051571,1033827,1033107,1057986
1000000,1003971,1009389,1014743,1047503,1032061,1036141,1060905
1000000,1003738,1009841,1015027,1048248,1032468,1035659,1057744
1000000,1003853,1009458,1017299,1049363,1031852,1034355,1056925
1000000,1004240,1010496,1017676,1050019,1030127,1036331,1058111
1000000,1004555,1010091,1018621,1052424,1031141,1037151,1054591
1000000,1005290,1009921,1018574,1054216,1034062,1038418,1050733
1000000,1005294,1010013,1019863,1058284,1035011,1039557,1051267
1000000,1005352,1010264,1019758,1060361,1033170,1040293,1048122
1000000,1005457,1010922,1019890,1060736,1032366,1039537,1053325
1000000,1005665,1010338,1018943,1061496,1033479,1042856,1053098
1000000,1006131,1009807,1020506,1059943,1033508,1041876,1056272
1000000,1006242,1010041,1021988,1061713,1033963,1044778,1057549
1000000,1005691,1011557,1021981,1061289,1032867,1043368,1059867
1000000,1005468,1011247,1023839,1064027,1034974,1045658,1059624
1000000,1006163,1012205,1025732,1064422,1036123,1047329,1059752
1000000,1006487,1013261,1026694,1065395,1035354,1049396,1059532
1000000,1006716,1011761,1025966,1068203,1036829,1049839,1057867
1000000,1006103,1012151,1027355,1067995,1036220,1050843,1060741
1000000,1006594,1014214,1026861,1065404,1036837,1052337,1065047
1000000,1006749,1012786,1026582,1065107,1036986,1049540,1063845
1000000,1007151,1011737,1026825,1065574,1036931,1049544,1065354
1000000,1007938,1011552,1026822,1065308,1034311,1048054,1066679
1000000,1007249,1012948,1026390,1063987,1032471,1049338,1069710
1000000,1007142,1012626,1027888,1062743,1035523,1049999,1074008
1000000,1006848,1012205,1029999,1062527,1037539,1050200,1073074
1000000,1006962,1011453,1030249,1063009,1040341,1053538,1074763
1000000,1007280,1012643,1029366,1062099,1041799,1051065,1076254
1000000,1006951,1012503,1031583,1062247,1043964,1051066,1079109
1000000,1007263,1013077,1030407,1060909,1041895,1053243,1080303
1000000,1006833,1013237,1028888,1060836,1043201,1052192,1083519
1000000,1007655,1014203,1028109,1058117,1042136,1053600,1082276
1000000,1007723,1014939,1029359,1059549,1040867,1055131,1082674
1000000,1007891,1015295,1028769,1060590,1038280,1055547,1084406
1000000,1007630,1016912,1029507,1061292,1040182,1052578,1086217
1000000,1007484,1016956,1028971,1059783,1040556,1055187,1085497
1000000,1007902,1017532,1028771,1060944,1041420,1052061,1079824
1000000,1008411,1017608,1028048,1061796,1041714,1049299,1080446
1000000,1008868,1018289,1030452,1060201,1042269,1047664,1081924
1000000,1008824,1017731,1031126,1060009,1040414,1044289,1080797
1000000,1008874,1018020,1031502,1058349,1039796,1044375,1077884
1000000,1009112,1017905,1032120,1056924,1042154,1045438,1076689
1000000,1009305,1019336,1031986,1056007,1042769,1048094,1074902
1000000,1009337,1019400,1033390,1057209,1044681,1049903,1071101
1000000,1009867,1018837,1031393,1058890,1047991,1048408,1069822
1000000,1010660,1018503,1033024,1062363,1048835,1051551,1070981
1000000,1009666,1018892,1034387,1062834,1050101,1052624,1072357
1000000,1010273,1019075,1035004,1061543,1051013,1053466,1072485
1000000,1010773,1018789,1035208,1063060,1055322,1050694,1074447
1000000,1010210,1019479,1036672,1064277,1054902,1049005,1074992
1000000,1009169,1020979,1037435,1064552,1054544,1051497,1073767
1000000,1010255,1020696,1037831,1064618,1056471,1052778,1075969
1000000,1011209,1020164,1038970,1063607,1058193,1050453,1074051
1000000,1010524,1020021,1040796,1064870,1059417,1053338,1076780
1000000,1010785,1020420,1038513,1067042,1058170,1055122,1082255
1000000,1011987,1019928,1041447,1067494,1057527,1053261,1080126
1000000,1012350,1019556,1040406,1068771,1062229,1054034,1077130
1000000,1012015,1019557,1041422,1069292,1063053,1056195,1078760
1000000,1011295,1018908,1041324,1070178,1065026,1058032,1080689
1000000,1010278,1019311,1039401,1070723,1064261,1059066,1084010
1000000,1010371,1020209,1039952,1067886,1065891,1056854,1088275
1000000,1009737,1020727,1040440,1067153,1064225,1055794,1090488
1000000,1009228,1022187,1041997,1068111,1067705,1054173,1091055
1000000,1008223,1022697,1040657,1068715,1070065,1056236,1094218
1000000,1008256,1021327,1039467,1068143,1072122,1052935,1094759
1000000,1007637,1021409,1038975,1067389,1073253,1052424,1093716
1000000,1007379,1020683,1039331,1066290,1071434,1052641,1095557
1000000,1007575,1020594,1040521,1066789,1078181,1051828,1099072
1000000,1007536,1020823,1040232,1066648,1077946,1052377,1098751
1000000,1009035,1020416,1040863,1067763,1077988,1055105,1102164
1000000,1009917,1019937,1041966,1069352,1078718,1053326,1101526
1000000,1009698,1021011,1040589,1070411,1078259,1049688,1096462
1000000,1009162,1020529,1040254,1071427,1078404,1045496,1097435
1000000,1008873,1020457,1038680,1071106,1080119,1048637,1100387
1000000,1008429,1021144,1038750,1067550,1082468,1048295,1096869
1000000,1008935,1020725,1040477,1067079,1079130,1049956,1101968
1000000,1009544,1019749,1041046,1067741,1079375,1051954,1103185
1000000,1009995,1019920,1040094,1066657,1083328,1050578,1102510
1000000,1010313,1020536,1040103,1065256,1085168,1051235,1099687
1000000,1010395,1019045,1041478,1064554,1089591,1051642,1100116
1000000,1010141,1019580,1042336,1063229,1091656,1054830,1104977
1000000,1009567,1019337,1041671,1063407,1092339,1058866,1108581
1000000,1010239,1019425,1042038,1064175,1096839,1058550,1106209
1000000,1010153,1018803,1041101,1065065,1097422,1060464,1109303
1000000,1010397,1019611,1041313,1064245,1097197,1064894,1109636
1000000,1008979,1020236,1039355,1063574,1094181,1061818,1109776
1000000,1007580,1021009,1039462,1062747,1096357,1060714,1112875
1000000,1007949,1021679,1037211,1064393,1094174,1060811,1111734
1000000,1008914,1023326,1037663,1066750,1094064,1061707,1109890
1000000,1009335,1021848,1037554,1066973,1093314,1065130,1113439
1000000,1009077,1022735,1037387,1067491,1095005,1065147,1115213
1000000,1009276,1023805,1039703,1066019,1093049,1064436,1113221
1000000,1009891,1024975,1041717,1064685,1091300,1067066,1112133
1000000,1010308,1026296,1041533,1062991,1092987,1070911,1115446
1000000,1010429,1025411,1040924,1061371,1093567,1072529,1115226
1000000,1011152,1025440,1040267,1060345,1093783,1071137,1117926
1000000,1011277,1025253,1040020,1058290,1093598,1073665,1121028
1000000,1010825,1026184,1039732,1057001,1094143,1074736,1120896
1000000,1011051,1026202,1041492,1057528,1092314,1076419,1119005
1000000,1011854,1026810,1043745,1057362,1091327,1076049,1120510
1000000,1012873,1027476,1044540,1055190,1091603,1076956,1120127
1000000,1013454,1027148,1046449,1054142,1093374,1076682,1117321
1000000,1013620,1026540,1045107,1054157,1093158,1076431,1114069
1000000,1013388,1027311,1045568,1054607,1094116,1073430,1115037
1000000,1012964,1026318,1045096,1051890,1094512,1075873,1115206
1000000,1012497,1026667,1045168,1052320,1092947,1077844,1116911
1000000,1012573,1026175,1044723,1054207,1092079,1080594,1114950
1000000,1012484,1025543,1046470,1053079,1092780,1079979,1114134
1000000,1013422,1026091,1045808,1053728,1093003,1083720,1113940
1000000,1013880,1028729,1045360,1053123,1093880,1084160,1114818
1000000,1013764,1027620,1045478,1055399,1094661,1083375,1116608
1000000,1013809,1029048,1046980,1055987,1092517,1083293,1116508
1000000,1014137,1029023,1047720,1056706,1093050,1085695,1119033
1000000,1013437,1029409,1048959,1059103,1093367,1087038,1122968
1000000,1013809,1029228,1051486,1061219,1097402,1085919,1122654
1000000,1014592,1030394,1052789,1062410,1097260,1087776,1126178
1000000,1013994,1031003,1053887,1063124,1098126,1091320,1127584
1000000,1013855,1030196,1056222,1063446,1100578,1091924,1129443
1000000,1014156,1030935,1056114,1062572,1103993,1093787,1127853
1000000,1015089,1031062,1056645,1062761,1102347,1088778,1127412
1000000,1015251,1032133,1057415,1063873,1104510,1090675,1130305
1000000,1015709,1031854,1061515,1063906,1104252,1094108,1129010
1000000,1015372,1032759,1059567,1064376,1103419,1092586,1128004
1000000,1015127,1033272,1061706,1063237,1103676,1095404,1125547
1000000,1015008,1032942,1062871,1064628,1100811,1095032,1123231
1000000,1015149,1033386,1062407,1066342,1098620,1094110,1123749
1000000,1014538,1034456,1060378,1068666,1099977,1093909,1126325
1000000,1014716,1034166,1060383,1067639,1102197,1093023,1126044
1000000,1015009,1033026,1061514,1066804,1103733,1093820,1128948
1000000,1015038,1033799,1062732,1067614,1104221,1097085,1128646
1000000,1015576,1034371,1062674,1067948,1107321,1093898,1125190
1000000,1015333,1034312,1064071,1067207,1110166,1093844,1126055
1000000,1015728,1034300,1063886,1067573,1111071,1095169,1124780
1000000,1015498,1034555,1065789,1067845,1115443,1091605,1126270
1000000,1015872,1034138,1066003,1066726,1114554,1092923,1125768
1000000,1017230,1034241,1068035,1063810,1113126,1097415,1129067
1000000,1017426,1033518,1067925,1065243,1114652,1096961,1135691
1000000,1017971,1033395,1072562,1065634,1115066,1098772,1136689
1000000,1017973,1033020,1073609,1065927,1116989,1099108,1136886
1000000,1018102,1033458,1072094,1066621,1118660,1100258,1137642
1000000,1017954,1032686,1073383,1067974,1118379,1101596,1138667
1000000,1017681,1032871,1074980,1066459,1116661,1105526,1137703
1000000,1017363,1032857,1073776,1068819,1113566,1105539,1141129
1000000,1016876,1034585,1074458,1070284,1116185,1104813,1140515
1000000,1017106,1034085,1073216,1071497,1116124,1106864,1139927
1000000,1017534,1033360,1073613,1070390,1115540,1102611,1140781
1000000,1017652,1034247,1073794,1070377,1114272,1099570,1138549
1000000,1017896,1033776,1074941,1071810,1116819,1099853,1136420
1000000,1016708,1034081,1074583,1068757,1115817,1100097,1139927
1000000,1016921,1034113,1074138,1067756,1116691,1099378,1141951
1000000,1016391,1033937,1075333,1066849,1113599,1099622,1146807
1000000,1015406,1033439,1075290,1068476,1117288,1101898,1149921
1000000,1015000,1033860,1073161,1069435,1116261,1101490,1154776
1000000,1015119,1034186,1072088,1067436,1115593,1106682,1153101
1000000,1015125,1032968,1072171,1068187,1115313,1106454,1153630
1000000,1015919,1033865,1071644,1069285,1115454,1105419,1154668
1000000,1016694,1032411,1070873,1069427,1116726,1105487,1155081
1000000,1017414,1032564,1073487,1069572,1117952,1107161,1156452
1000000,1017526,1031520,1074026,1071800,1118173,1107306,1151813
1000000,1017909,1030980,1073116,1073396,1118852,1111820,1154221
1000000,1017856,1031231,1076786,1071526,1119972,1112767,1153285
1000000,1018190,1031167,1077830,1072743,1117476,1110139,1152910
1000000,1017582,1030450,1075805,1073210,1116621,1110868,1153392
1000000,1017825,1030522,1075815,1072063,1119318,1110399,1152263