,0,1,2,3,4,5,6,7,8,9
0,1.0,1.0,1.0,1.0,1.0,1.0,1.0,1.0,1.0,1.0
1,0.992584757108317,0.9977151619123047,1.0017380701413814,0.9942049229382698,1.0062719020670976,0.9983245241705426,1.007470043405028,1.008435815914771,0.9994171447283843,1.0058584294076207
2,0.9801649938651721,0.9943604037592538,1.0018660313945693,0.997645712371935,1.0124334329229587,1.0030642217398684,1.0070745444143263,1.0138001459311796,0.9998745062931058,1.009581647355598
3,0.9801637627439528,0.9998936903955306,1.0101306893461761,0.9949510563104338,1.015353674486505,1.000252564298838,1.0039934859290869,1.0179118823570104,1.0033054374462251,1.0098073767035702
4,0.9828612100614375,1.000936294188381,1.0152662304266469,1.0018544330944623,1.0095746815866105,1.0004751162168448,1.0073320518473994,1.0174367026787878,0.9985190036787301,1.007096830601894
5,0.9770917629860044,0.9990415806321786,1.008970137680067,0.9934608187232276,1.023128204212763,1.0055314171790897,1.0212788286987322,1.0092848064208686,1.0037034622535057,1.008081038654319
6,0.9879773437163349,1.006226873118982,1.0111683026696192,1.0025541262482682,1.0333289313107805,1.0002175048048396,1.0173883366988787,1.0050131857977849,1.0053190643329433,0.999756808161779
7,0.9933809537695201,0.9980468315595844,1.0168142189665874,1.0064106381382933,1.0413821063858526,1.0018794886907956,1.0147390216315666,1.0047767101255982,1.0053459639303004,1.0003696933861936
8,0.9974474126937768,0.9929329171876314,1.016365163922436,1.0003287995497716,1.0400362826641254,0.9967381896538389,1.005360321008582,1.005060051695795,1.0056552859169916,1.0048739825070763
9,0.9794578548629447,0.9967787286072796,1.0124657534621457,0.9998904204591018,1.0416424381815301,0.9978084490994734,1.020027559300012,1.0016134285187486,1.0044621028858394,1.0031557231894643
10,0.9798254792695581,0.9957405412126952,1.011359065452647,0.986293769759408,1.0450167198051157,0.9937935316713714,1.023151095467553,0.9993497195078754,1.014818415193211,1.006602847713591
11,0.9795912763131409,0.9981983748565183,1.0172363943442477,0.9876208263779497,1.052428545138188,0.9960052272901729,1.030146108661964,0.9886253292622409,1.0152393766561865,1.004709545145706
12,0.9742464910673766,0.9981677095348669,1.0108804759091978,0.9740970256795954,1.0546754956158522,0.9940181277464838,1.0246694040069095,0.9871090477666654,1.0127470654315407,1.0164276885217542
13,0.9669852038364898,0.9935144131385693,1.024912146153965,0.977917424823279,1.0458116811304237,0.9835079081641017,1.0252586184256463,0.9940361544105368,1.0135545138106021,1.021338091403493
14,0.9613102834181948,1.0005419848589931,1.0208998752610765,0.9721617710309687,1.039842768522771,0.9767919135306938,1.0278632706249726,1.0028839688568811,1.0202758357590043,1.010964867417273
15,0.9682577568614451,1.0041307978590526,1.0272717756690881,0.9754727808907103,1.043870620418634,0.9754417644129838,1.0259416806252852,1.0075953725787428,1.019367925494837,1.0112414170789576
16,0.972392416711879,1.0205013658708466,1.0440717871051783,0.9790666024711233,1.0524252056559535,0.9636125860644053,1.0228654485463058,1.0145003811603175,1.0191110515725217,1.0106548153269024
17,0.9708207629033855,1.0181134868494028,1.0486651578305592,0.9756483345159818,1.0604442001134984,0.9713934116504955,1.0314529246984114,1.0167981618318116,1.023047607785015,1.0144135483934584
18,0.9667893273199029,1.0141229979260298,1.0554823098204786,0.9696969260818012,1.0660442339557623,0.9691056726444298,1.0349105691825975,1.0144035286124882,1.0180134984075504,1.0099205386431196
19,0.959055725363574,1.016729111880162,1.0627608339054115,0.9779788617752372,1.0788257990949677,0.9759101337502718,1.0383107314310254,1.0049473715674844,1.0168733125508065,1.01497373716207
20,0.9574466635423026,1.010852660398706,1.0616852671495045,0.9834319305819781,1.079435597914986,0.9744882024427812,1.0356020604877634,1.0027604349444403,1.0131057630964686,1.018824555015074
21,0.9695959887919803,1.0161663658692215,1.0596822583258152,0.9957139073239527,1.0804203295398465,0.9716843487979854,1.0448478448369762,1.0079836596159202,1.0084359641647922,1.0023843895500781
22,0.9688035775022492,1.0250811905584192,1.0673428494613497,0.9918221005496493,1.08010268307795,0.9768563315293263,1.0380387964565052,1.0139105428657151,1.0115312373945777,0.9997764628080669
23,0.9641721623968521,1.0327067021445955,1.0602225154860838,0.9953072141267927,1.0868381058626388,0.9725610979906596,1.0427817744104124,1.0120286131308547,1.0131004578188032,0.9862218796265714
24,0.966881519164965,1.0303765577144934,1.06386428752023,0.9974349567261569,1.084601790564774,0.9706566766340077,1.0417705233655137,1.016467525334461,1.0166319087732119,0.9776588655075831
25,0.9696380256316207,1.0359186254259716,1.0632653786487298,0.9962867869219697,1.0739460393821922,0.9762356963217864,1.0519333976888794,1.0239165977764306,1.0091957382564691,0.9976569607762785
26,0.969417220642043,1.0414919757247139,1.062910724054095,0.9922929769786945,1.0792473198297343,0.9795674359495132,1.0571939019882353,1.0226972799893064,1.0191687709836463,0.9933889775699865
27,0.9614465191417293,1.0356045621111434,1.0637113775328202,0.9868037643347055,1.0851426029539617,0.9820353447585334,1.0601030506817233,1.0119961017289407,1.0175654011651545,0.9838018353765463
28,0.9648830415497571,1.0324153469579884,1.0682578988707407,0.9955549603096285,1.0933883291281814,0.9754875194686532,1.052488846137545,1.018728136290278,1.0234620344217478,0.9756772339518169
29,0.9674893854952109,1.027749769754602,1.0629619547555103,0.9937818213192599,1.0900211005959701,0.9797627647239943,1.0508723847721115,1.0279498609122635,1.020655252777902,0.9721132257340479
30,0.9691262518083518,1.0324699685924794,1.0596956157934767,0.9934617647343184,1.0828757163045704,0.980806253622767,1.0563830974611983,1.0391953890417247,1.0114615658047104,0.9725077414378481
31,0.9640041315820558,1.044442394631308,1.0735780894261646,0.9910266179642737,1.0915094675065946,0.9784250855286618,1.058266947091631,1.038616465061838,1.0136532026892127,0.9770974892724369
32,0.9694484335636331,1.0411644005329377,1.0725302455215884,0.9957811424656575,1.0874877473741988,0.9896239975638105,1.053762723586462,1.0394123373665296,1.0143974714773627,0.972883172598637
33,0.9716249188858886,1.034898330340345,1.0711173407645245,1.0002962256620238,1.0906237118206397,0.9874489616727,1.0622025381282272,1.0382358197042938,1.0126275258363446,0.973014909037466
34,0.9702754364367716,1.0488514658694192,1.0748034375081519,1.0152632547500964,1.0932120628622337,0.9991908423463572,1.0575202705889324,1.0326187548715526,1.0116999546119176,0.9745681906422853
35,0.9684699613242836,1.048674851298019,1.0774486819194633,1.0187602125881028,1.088858808049686,1.0077803879822975,1.0688427928936242,1.033345761577699,1.017281190298996,0.9786285929842395
36,0.9655945020452804,1.0577930311232708,1.0750965627893905,1.0192320908243022,1.0835769336566017,1.0173944359169762,1.0782821059933332,1.034310355647553,1.0120181519362748,0.9824578472485249
37,0.9709761529074321,1.0499435706261016,1.0762252751724177,1.0221640182152691,1.076308637193037,1.014959374672169,1.0770985859585498,1.030330560565878,1.0102955118287524,0.9793071392540462
38,0.9688748828009935,1.0537878480505034,1.0811825753284103,1.0160132981877126,1.0677094099700852,1.0166624643226876,1.0706051735230955,1.022025944245706,0.9966583893958925,0.9760370787168441
39,0.9643070734691013,1.0561501341630037,1.0785635117631294,1.0107840157428667,1.0752527242403636,1.0188540329424183,1.0732769023458717,1.02021402402292,0.9896474420482202,0.9687471630467024
40,0.9606613026297277,1.0566051338291134,1.0799003955916027,1.0064871158759485,1.0674220385196447,1.0254871665050842,1.0780002876361727,1.0242020628844568,0.979829578928539,0.969386850646762
41,0.9618522408361433,1.0603091348680644,1.0706440459215432,1.0123166027142543,1.0744746597970352,1.0237944515032305,1.0723568868573696,1.0304288792750687,0.991543572457121,0.9646569539147689
42,0.9629682907539451,1.0585847550155392,1.0664598523210371,1.0125371026532848,1.0779073057156041,1.0159646434260876,1.0689085649587708,1.0350557008886627,0.989038486973984,0.9619506758121078
43,0.9620310135920577,1.064161566741949,1.0583357879871913,1.0085867960035015,1.080543630167198,1.008673119799735,1.0665320658773705,1.0240114276428387,0.9863489733448768,0.9646378378744939
44,0.9628459812671563,1.0725315290225244,1.0696587410804006,1.0056080973847936,1.064350114187607,1.0157601320199996,1.0719903948928688,1.0178570530096192,0.9904476796878368,0.9652505919933062
45,0.9654597671327851,1.0724515804762622,1.0674709326898353,1.0049599001578895,1.0656741912027465,1.0201232926668717,1.082021159866679,1.0174211690893296,0.9818430667251413,0.967770145092744
46,0.969299587903743,1.0715436294438927,1.0620453872014641,0.9996319434495384,1.071071694831015,1.0181626636979513,1.0795215701629275,1.0258410925350407,0.9657616976110042,0.9554148600179716
47,0.9564300594678528,1.066404063660091,1.0774434296559998,1.0031587286982073,1.0709792238948161,1.0189650440977074,1.0790444578242913,1.0188601860877673,0.9690532803670455,0.9529883348096038
48,0.9569766626627642,1.074997583881987,1.0805316404723828,1.0074038237302152,1.0776601583956151,1.016675411400671,1.0837653488141084,1.01525238831034,0.9671138854533189,0.9598051233547924
49,0.9590055105508575,1.08133058589606,1.0857765128618018,1.0059382330708504,1.0845387051238358,1.0180298515173958,1.0830900633221343,1.033592817665449,0.9676309712092047,0.973354450067185
50,0.9589428563551288,1.084632511767912,1.085020734521409,1.0058434404879975,1.082024449456376,1.0255658406615775,1.0681568773939356,1.046488467421696,0.9723764461737374,0.9751348975295071
51,0.9572122427513274,1.0881587292188695,1.081740147755009,1.0076096045685892,1.0827433855252675,1.03363771949043,1.0610950872151135,1.0459253692053927,0.9690788800870258,0.9757509626822088
52,0.962664530415239,1.0763796765354878,1.0797650086059472,0.998985094971875,1.079972992822874,1.0307171436324212,1.0615737414723392,1.0410170072808567,0.9744497253079326,0.9749007241441662
53,0.970356490805565,1.064973955687005,1.0685181329211086,0.9975423513783931,1.0765387408446199,1.0234505962318787,1.0626726823889197,1.0447109831036983,0.9694865236192883,0.9765106813132413
54,0.9720617397500577,1.0630210162813338,1.0627748911581336,1.0048170399377425,1.090467159757516,1.0194860069168015,1.0604588998977291,1.0418884145092613,0.9649725310843724,0.9708811457227366
55,0.9736927789648415,1.0617071619665408,1.0616053126833593,1.0088040808113272,1.0837975421246095,1.0117199282509939,1.0603661786987952,1.0422524884848723,0.9602634887326242,0.9746679781510434
56,0.980289374035004,1.0724888321559685,1.0631404553683026,0.9953139688322271,1.0927507420246205,1.0088167956632401,1.0653369545817961,1.0507893021441232,0.9741909670346496,0.980272280067664
57,0.9801312900621956,1.0675949484803329,1.054283741814848,0.9999504988109298,1.102153086488577,1.0151584742054736,1.0717592534460318,1.044221233631528,0.9666916788544259,0.9891188971558437
58,0.9737366486795067,1.074836957111603,1.0589871959951163,1.0025674719539797,1.1032924073922972,1.0036458852183343,1.0758821465657749,1.0465071592945863,0.9612935688943162,0.989869782923303
59,0.9690685255279509,1.0781998428528587,1.0619425233424664,1.0027745508363453,1.1013898507189237,0.9989447503087162,1.0736720403231905,1.0627232467874248,0.9623320167342536,0.9919337647296419
60,0.9714164257906008,1.0814297745474664,1.0642258172792172,0.9958178371791949,1.0998715005998987,0.9906223149217297,1.0738157562472805,1.0594735914484685,0.948851282953584,0.9916834333055006
61,0.9655039523061854,1.0969799802538909,1.0612135954394992,0.9948050175694925,1.0978427013933287,0.9894069213243248,1.0769050213574138,1.0534225874692769,0.9519991126063299,0.9928640914900497
62,0.9516493116524464,1.0862147549677532,1.0574292833913645,0.9883999407681184,1.100691213253214,0.9938674951561806,1.0822331969276502,1.048408361678264,0.9509744469907894,0.9960329893903253
63,0.9574280109853416,1.0864614599645874,1.0594769464765843,0.9941603255102468,1.1052113294776988,0.9879856359369875,1.087468307973732,1.0530413488459298,0.9452286191263428,1.0076141724959151
64,0.959550860882177,1.089228155272628,1.0604259596615753,0.9923502559338514,1.115744907927256,0.996230145041794,1.0842243861685874,1.0445655641245164,0.9506903823910376,1.0067520444655698
65,0.9578351389964448,1.091887641263529,1.0543324318875167,0.9947020311035939,1.1135205222641629,0.9983338368335792,1.0731040372231626,1.0517567710643811,0.9434647281748474,1.000695719676432
66,0.9579040683887619,1.0982878368087123,1.0594188714855215,0.9987710954243055,1.1098872586542872,0.992394528357705,1.0797611712545774,1.0520696042780455,0.9517788611369464,1.0082804268314485
67,0.9603034286476853,1.1016124661647586,1.043863250034369,1.0002889557833787,1.1119596049966725,1.0041886653935133,1.0825211956393195,1.0546768474701937,0.9508581910000375,1.0070807325780755
68,0.9656448216458116,1.1027540037265875,1.049030279347488,0.9945303709561266,1.1022744846941697,0.9906443640594111,1.0849515896229784,1.0602152851100306,0.9467653266303767,1.0060851125800765
69,0.9711620505930896,1.0982020633784535,1.0477876073581553,1.0013479609503768,1.091980610175723,0.9820796506537715,1.0843853549333422,1.0467092755961345,0.9463611431687837,1.0024565173624478
70,0.9705146787744772,1.0982891333033549,1.0479858633886285,0.9978135400759228,1.08881756056978,0.984497763351097,1.0892381585214135,1.0523986577217666,0.9537998599918641,0.993491395336859
71,0.9841166363212052,1.0949636943905257,1.0449557960966056,0.9986479686947196,1.079018702108782,0.9853726136233047,1.087017194251492,1.0527628131184288,0.9441120839771772,0.983462845829635
72,0.987874184452801,1.0958645732708847,1.0552863729184816,1.0042890803851034,1.079214826647517,0.9956386038352648,1.0909083929604022,1.0391424734752173,0.9435931997866809,0.9777874527001494
73,0.9859213688399162,1.09493578336432,1.0507278924672105,1.0025067368198644,1.0816830951375123,0.9937689435606417,1.0949681723610702,1.0285499125895832,0.9430932795484352,0.9901870451470804
74,0.9880330593635414,1.10483937054077,1.0558775267844918,1.0094727477170256,1.086539846610256,0.9917387510348427,1.0966252748033096,1.020049124435532,0.9516482279882303,0.9870743096060858
75,0.9912239906246966,1.1032465447195374,1.0600230304255787,1.0181194118957348,1.083812611538631,0.9835963820197039,1.0980124671745362,1.030932902597448,0.9593851899830516,0.9857609966405779
76,0.990327695493628,1.11003629758619,1.0529740968375492,1.0155851959700954,1.08567979294799,0.9801371610698575,1.1017877898771682,1.0311011000263053,0.9585819351336051,0.9887206307400727
77,0.9825838820710511,1.1099358248615536,1.0594258032511672,1.0114397371253805,1.0875709956870756,0.9903029993436622,1.1144161517488358,1.032501602290999,0.9651336316842394,0.9939707469685524
78,0.9851551050476532,1.1064193977769123,1.0555275653752458,1.0172507059348395,1.0808243072072965,0.9897238715792204,1.104340942112455,1.0365401195813575,0.9604505094108671,0.9951523737506083
79,0.9766507681889437,1.0982419651370294,1.0560010409914535,1.019050534945067,1.0900201966656051,0.9938216199321508,1.1060534025909536,1.0350292441720406,0.9661419919037854,1.0046726209643224
80,0.9757184273001641,1.1050732355016248,1.075475569448034,1.0290427761497627,1.0860398920979633,0.9907042765269337,1.1101717647779996,1.032238969848361,0.96688363076749,1.01525013596659
81,0.9839708286181806,1.1077642522002549,1.0709725661165121,1.0332613925195122,1.0824428770060135,0.9829971232216906,1.110556296458629,1.0331243015402285,0.9709546178394752,1.0219965873747057
82,0.9829219578914602,1.1049708798733409,1.0734324610042993,1.034114121681366,1.0865651435977322,0.9876022406833673,1.1069235630309389,1.032539710054632,0.9779303531408464,1.0140499559823977
83,0.9982739599792702,1.1025423117402289,1.0711268682643997,1.0370537770761574,1.0890523208702636,0.9724325447248722,1.105909574273035,1.0208237255247028,0.9843580893837361,1.0186353017445167
84,0.9915691167976216,1.0941144918884345,1.0797059453518423,1.029636381065353,1.0849801772314238,0.9788289567333718,1.105685444971978,1.0253707662055462,0.979819835607511,1.0128852350531967
85,0.9886214820283605,1.090757965804673,1.0802911318510213,1.0378873152935442,1.0830570725373545,0.9868991201821706,1.1073268304127222,1.0185951771061927,0.9771249717461479,1.0127117479715042
86,0.9848854257876595,1.0869633381954757,1.0781968838929443,1.0324210668699325,1.0806277141995517,0.9842421301387991,1.0999404414332092,1.0178064033124985,0.9790683163740063,1.0017095226317447
87,0.9881164534196166,1.0882048643869022,1.0848971865033734,1.033015584711835,1.0684386546305202,0.9835376738412955,1.0955000556541623,1.0079751869385065,0.9753810371885611,1.002535516991645
88,0.9948552694293907,1.1004035221293105,1.0762891631643114,1.0372709116165817,1.0634709541246465,0.9875218411066283,1.0788041448787355,1.0076877758576965,0.9739154797097486,0.9972019713617831
89,0.9972444585419871,1.0967255883618732,1.0780785055396493,1.0317915474146329,1.0641301533760583,1.0016733271311913,1.0898307295390892,1.002711076835616,0.9820419416290617,0.9868419873316221
90,0.9997031525807695,1.1035831567882177,1.0882053570446169,1.039346714639388,1.063445452001987,1.0069125203558016,1.087552244076494,1.002819777100076,0.9812566542757359,0.9885855288788032
91,1.0020227108280164,1.1058706548020198,1.0962244894321156,1.0424497535494086,1.0533255787525218,1.0108310955857724,1.0763745439378287,1.001361716435061,0.9816467327211653,0.9864784311097228
92,0.9950528459134469,1.1005191943975534,1.0956348769022204,1.0395822214214459,1.0482858574241813,1.01557012704282,1.076749835269613,1.0038370927024098,0.981229600958734,0.9870927524012091
93,0.9937636095278578,1.1031915802444565,1.1079430421736505,1.0455146387981158,1.0444995753509874,1.0094355451493395,1.0799444617980827,1.007769378088565,0.975788237899855,0.9954637969978251
94,0.989079388256721,1.0956175804127417,1.112882561988586,1.0266134246439784,1.0608281301384712,1.0115958534133256,1.0823855422006214,1.0175157377607342,0.9817221850199522,0.993266212161561
95,0.9927504772224635,1.0972580199039954,1.110379603641173,1.0285755066876976,1.0591329874227626,1.0198676064858376,1.074023231632773,1.0176572637517505,0.9866454952582657,0.997894202145915
96,0.9955686556368334,1.1066604128616722,1.107829263838502,1.021714323348327,1.0674140854363892,1.0184304209490043,1.0923027112509236,1.0140609270120005,0.9803230632440624,0.9912675591787775
97,0.9968026829647931,1.1083239680182915,1.108838750804282,1.0223914665086165,1.0599980792369177,1.0261498869226064,1.0950360302605957,1.0140794358066598,0.9872231504813934,0.984089742816164
98,1.0095581449387387,1.1202606131779396,1.1067375226822918,1.023891393197302,1.0453053395734055,1.0148902247476557,1.0951042185158386,1.0086522491906134,0.9870374203107021,0.9839331337719308
99,1.0024935435703908,1.1271680057864581,1.113824009620727,1.0235747967939761,1.050250973657657,1.0183284123725462,1.100797859425458,0.9961070236846422,0.9969453507953626,0.9990709502578589
100,0.995688277952572,1.1268657693915807,1.1137457277425127,1.0136199165136426,1.0498914972777371,1.0204101619938006,1.1096981341517764,0.9968244955371178,0.9959758392827198,0.9960427420046295
101,1.0017838606865057,1.1252237299749943,1.114334953319816,1.028586835361776,1.0423303942562907,1.0219704884021097,1.114919433732751,1.00228376390535,0.9965670481644234,0.9997832092758044
102,1.0004560830449092,1.1306312605930482,1.110034866039415,1.0244497982806122,1.035356201785076,1.016183414454655,1.1147438692598695,1.0008418833860093,0.9931741314806039,1.007812970974949
103,1.0023753386062126,1.1303523002866016,1.1149542093278098,1.0146964229262054,1.043477267129901,1.009070434236459,1.1285977974247519,1.0064532409967832,0.9992012902638693,1.0074002661278068
104,0.9991558356619945,1.1303416758913842,1.1194539524879445,1.0141875728049898,1.0492832967206052,1.0193693902813254,1.1348435129452454,1.0023349171035263,0.9964543484560457,1.0078674641073933
105,1.0083536264845576,1.1279250723585308,1.1229672169700036,1.018879408822804,1.0549704287276804,1.0099420684748093,1.1368862507976576,1.0014180598164613,0.9966652152164647,1.0159503337464857
106,1.003703595077051,1.1305055231606052,1.1134189119274605,1.0231727864360651,1.0586800873573223,1.0152525488282251,1.1320116332064938,1.0052546128657596,0.9940234760544477,1.0223670938517275
107,0.9975483313487955,1.1412408235294091,1.1087822702996966,1.0227559677654334,1.0632334857052583,1.0158442422598892,1.1325264990693373,1.0079248950631459,0.9985300299638951,1.0200443782729136
108,0.9912760670451873,1.1338154463704841,1.1236036425177003,1.0253507841082596,1.0612491077551445,1.0178383910681308,1.1279592044101345,1.014994055134127,0.9966172154086276,1.0306620102782948
109,0.9996259163026419,1.137809246567918,1.1308355250722697,1.0185817032952276,1.0590082016793694,1.0026029532968177,1.1281865397708415,1.0062504253311502,0.9861178669913603,1.0263781748157383
110,0.9968456248519684,1.136995091818274,1.1377438113205087,1.0268201014207707,1.0526213828157502,1.0067659504035122,1.128225543548733,1.0073900583360627,0.9812012905516674,1.020835906216188
111,0.9950556049544128,1.1326108198104698,1.1308498524329473,1.0193797634754664,1.0559171706929622,1.0098202484887895,1.124083405045501,1.0093260579788155,0.9788195679295183,1.024680868232565
112,1.0013113729598055,1.1378753880183252,1.1230469956300968,1.025527437693628,1.066036163845921,1.0012379914751965,1.1193191155601008,1.0065376416657135,0.9842443405810316,1.0282428137040311
113,0.998198414150551,1.133957973118944,1.1344222001059108,1.0345576243226742,1.0658336918910727,1.0021467779570954,1.118490832210566,1.0034911321405724,0.9813299869198805,1.0275650620087866
114,1.0026817382461195,1.1301202315077952,1.1306807155084622,1.0403034609792006,1.055737917427626,1.002908796400532,1.1295300978149347,1.0077074517264355,0.9769092343011428,1.0254219183864774
115,1.0002448200628944,1.1271836723375004,1.136821281132271,1.0431617975952665,1.056346764307968,1.003131497827928,1.142776583361023,1.0200852743813553,0.9789276228270889,1.0266997726635902
116,1.0003712613429807,1.1266111914530927,1.1347728363958827,1.042755215978342,1.050078094217822,0.992943563846923,1.1358227866920094,1.0240645721473842,0.9725464314946678,1.0306817907536778
117,1.0071200153121143,1.1249042361862738,1.1301361973422965,1.039695592483421,1.0532381932494428,0.9882896638250676,1.1392358466590469,1.018965328478599,0.9728239601789838,1.0362474688990768
118,1.0152192290495543,1.1278089315945738,1.1403148115534092,1.0415033527128126,1.0533092600079668,0.9899363959398552,1.13733286956378,1.0146488536834333,0.9753270096421987,1.0370280816886157
119,1.0104653777591865,1.1312525828787372,1.1422032812025986,1.0321855295362905,1.0557415010742044,0.9940657054136716,1.1323666269949164,1.0214256184739468,0.9673182100287984,1.0349004722245598
120,1.0167497753937935,1.146991944464181,1.1317400800484114,1.0395975576416487,1.0589572673988754,0.9993523355112147,1.132094713229349,1.013631721775987,0.9582575151722501,1.0386238842728095
121,1.020236791664065,1.1562137325076014,1.1394449137799332,1.04505285294302,1.0576908962474891,0.9889652520974611,1.1359342501572063,1.0144964585340779,0.9537414989058792,1.0395362992612978
122,1.0291110041004081,1.1577395749003416,1.1329333241736448,1.0469479468590999,1.054471092969376,0.990654661670851,1.1227111257779292,1.0246374245862226,0.9545579994336124,1.041702830704565
123,1.039399430256143,1.148926804032518,1.1345541718735797,1.0461310750319965,1.041511975359499,0.9871387195992227,1.1199132976679267,1.0258451241641162,0.9481274533273022,1.0342350639343485
124,1.0400322450937596,1.1611939684055708,1.1495851633849785,1.0412046562515025,1.0292359143026308,0.9839466207910962,1.1242251943777002,1.03117673420292,0.9543256821508044,1.0369463705797364
125,1.0327965422260021,1.1550550820121648,1.1409565017949608,1.0437185690581003,1.0119573513445523,0.9819273716228649,1.1205387741469175,1.038899410802829,0.9554009743731123,1.0393550705186716
126,1.0290546185473373,1.1574810844831938,1.1376276601170165,1.030174776706416,1.0109480165706612,0.9774792849751346,1.1181626692444917,1.0465389233868698,0.9482155957815033,1.0373041855370384
127,1.0427863624140041,1.1581486271760617,1.1237374150571282,1.0304167055719102,1.0063751178878788,0.9718978661552976,1.1213106038417768,1.0452356662272524,0.9465019045543259,1.0302273567371185
128,1.0405680251077156,1.1498490234626682,1.1254796549579678,1.035950273223879,0.9982054275106742,0.9719147173259416,1.1149663419299352,1.044143882110917,0.9344259730767457,1.0273833671723422
129,1.0468437962009995,1.1538635467453446,1.1286625164073818,1.0262552827391118,0.9978749144236501,0.9722504974633185,1.1122000362417257,1.0444451185577162,0.9366357256645454,1.0247208882512355
130,1.0440288877946466,1.1650360575564143,1.1339293860996074,1.0206294743619055,0.9941148461798146,0.980688441765107,1.1151951849032664,1.049365186199529,0.936926436934511,1.0144636111009455
131,1.0486195384436776,1.1676510386293752,1.1250856858283618,1.0280835951277905,0.9959162576196456,0.9824419108162012,1.1209129614284372,1.0516584324898222,0.9426246135948935,1.0179468827490805
132,1.062759410481068,1.174472936022439,1.1174897543822944,1.0312457525848686,0.9963835260402205,0.98510710765613,1.1213771412658726,1.0531727437256635,0.9346312039381929,1.022388007548383
133,1.0650255052116204,1.1737036191770138,1.1135854364062006,1.0205387181008865,0.9931491331166019,0.9793116405118584,1.1212758208843796,1.0522096886514798,0.9411862679394658,1.0240946881156094
134,1.0839971285422838,1.170449028983849,1.1124858686632602,1.0276219620412808,0.9890061408418482,0.9795359542112771,1.121171959484374,1.0584901315970094,0.9473415792482262,1.0254060219189656
135,1.0884988772317512,1.1715595305808923,1.1149439167611503,1.02201746482142,0.9899807697602793,0.982329854391087,1.1330370182439875,1.0519161988647192,0.9492125011414704,1.0227442175517534
136,1.0873470287452702,1.1578367721990743,1.1087735844169948,1.0284556095643702,0.9909506107584146,0.9823654207097092,1.1375620453219588,1.0590155378099815,0.940062224338709,1.042291349388793
137,1.0883016062942554,1.1603604004798258,1.1092227358921833,1.0186395210715231,0.9829804699511291,0.9816570774401219,1.132039640648946,1.058449836792019,0.9383571298935492,1.0369362626686396
138,1.0825661609179662,1.1549703236725286,1.1018945654135122,1.018992278645544,0.9779181801989436,0.9887067598995932,1.1257880438243637,1.060978629922635,0.9419884907546145,1.0362495835184697
139,1.0828585752357711,1.161854875371186,1.103550062753698,1.0196920032505994,0.978544046940297,0.9906206695877608,1.1253772991590532,1.0710979766110091,0.9507882943733135,1.030589338958086
140,1.0807371664959666,1.1755529180478441,1.0977863951770646,1.0197009975136548,0.9840758897665034,0.9871585461706702,1.1371920496603987,1.071627584090844,0.9473575980614416,1.0265879976462042
141,1.0840290509005026,1.1724663141173968,1.094198695366535,1.0187917365449026,0.9809047624065566,0.9852326611882839,1.1319853139042542,1.0632133257943628,0.9386581573596049,1.0350489688686169
142,1.0961508344652096,1.175435184311722,1.097400094753752,1.0193874166290884,0.9801914953335031,0.9863703555224367,1.1308807721387197,1.071107553685793,0.9407108153088547,1.0357411508458267
143,1.098974336302907,1.1753135307947933,1.0902478534199675,1.026327792245851,0.9889514069954682,0.9854237008578255,1.1407039607175173,1.0700749627825261,0.9411720008156517,1.0340264116380575
144,1.0958987682431833,1.1828020203624685,1.0912091282913534,1.021928585232672,0.9877366235649339,0.9789698550060206,1.1411051073727487,1.0720359029902138,0.9344479328521185,1.0264730401416478
145,1.0914224101245424,1.1834615566227316,1.0922656389570613,1.0292032495333416,0.9844357699676519,0.9874971458299266,1.1348793950538514,1.0706306733090425,0.9399756270935514,1.0265698271226609
146,1.0931056247872295,1.1900464181481432,1.0896914335281984,1.0257925956895573,1.0007625471444372,0.9867478265926531,1.145357832025595,1.0615200464090453,0.9348601228313274,1.0340611268241298
147,1.0977006393642175,1.1765149696643205,1.0971838610818505,1.0239225695285055,1.0040739396102876,0.9938727760170734,1.1467714694279056,1.0652524349823027,0.9437085804855543,1.0313149373886836
148,1.0918645550713972,1.1738032188394734,1.1004417419268058,1.0305782011680151,1.0042787261191073,0.9967503997181233,1.1542430154167744,1.0686186571286826,0.9380444466402857,1.0320415629070805
149,1.0924404469507965,1.1721335249164107,1.087135438642647,1.0244992438671365,1.0022837196461842,0.9942995218915869,1.1462888051051883,1.0756297523267229,0.9392344486431566,1.0345948628919428
150,1.0905907077787889,1.1797163369014547,1.0796505660691622,1.022442803701425,1.0058142470610316,0.9880388632020054,1.1410799223203791,1.0703000294708618,0.9438717707583706,1.0364393801037879
151,1.0838124019289548,1.183981312239185,1.073983083256711,1.0278286856599055,1.0016396878663016,0.9929051165995746,1.1305044432411406,1.0727450563956271,0.9366589282281181,1.0376700823957354
152,1.08771632504552,1.1891931105044784,1.0721407258315523,1.0350499487598999,0.9970322757291614,0.9909285180220897,1.1184660668081454,1.081027793452739,0.9479447420889842,1.0428597958782828
153,1.093211023085333,1.1938204049592396,1.063634862773634,1.0316439150308563,0.9887556555680278,0.9842286383855013,1.117156475532271,1.0759691759150998,0.9481371854359885,1.0327937431862992
154,1.0965753691517395,1.2019356246894368,1.0681525200080415,1.0230089797336708,0.9846821288419049,0.9933220304810612,1.1131647303376118,1.0756621290377792,0.9398518211289218,1.0278804149482101
155,1.0920857777429969,1.195293085026494,1.0642690970198438,1.0305156119933894,0.984016971012011,0.9888815937873302,1.109394601945283,1.0877393428723447,0.94514820063658,1.0290637608754944
156,1.0844609025764649,1.196950201580014,1.0654078241207068,1.0336756392960642,0.9779523890592234,0.9893044046605145,1.1140744648218985,1.0906221423077598,0.9433352186524852,1.0224977167711826
157,1.0784549997885113,1.1953354852723432,1.0649477082152006,1.0396896357968302,0.9879746446975357,0.9853609072409972,1.1114572090936141,1.094462575225342,0.950666858554957,1.0154188275909606
158,1.0823176022094094,1.2021493021188976,1.0641636800879486,1.0344218660318385,0.9912074905800066,0.9894809231050724,1.1197856215626754,1.101343742331369,0.9523586833038045,1.013820513243251
159,1.0836435089988352,1.200498980162974,1.076630939035023,1.0288693758558303,0.9842129691238826,0.9868134923216595,1.1170234311324365,1.1016213883183092,0.9494152253420138,1.004532761900103
160,1.0824337421074848,1.1880080124288601,1.0660777277881675,1.021697250120621,0.9861961617737107,0.9820965509579471,1.11584048879598,1.1052567695019753,0.9521369030728586,0.9971369927040054
161,1.0865678128288727,1.1793017148740452,1.061086603270772,1.0133478676910377,0.9799311862417295,0.9691670632407205,1.1193863453124293,1.099869498741018,0.9494535667643214,0.9968499154048629
162,1.0915207627678891,1.172015268662014,1.076811798693137,1.0189661023276984,0.9895468293642277,0.9618522646028876,1.1287005004829451,1.1041799607476077,0.9428321814610983,0.9999402325843917
163,1.0838810146690603,1.1718075377928734,1.0709591060108874,1.0206608611456536,0.9902083397231759,0.9648328505269618,1.1240703686950717,1.1118557445146593,0.9432579402058278,1.0014171942952133
164,1.0805954272115401,1.1739455584113736,1.0755561737720312,1.0193690632228098,0.9944581303647158,0.9645175802031419,1.1279718498740021,1.1110069841166887,0.9466398967410387,1.0055014760840573
165,1.0859299361009167,1.1778578837776583,1.082821553000268,1.0106462317050333,1.0047039163315465,0.9669501197306182,1.127033445094336,1.1122102877265048,0.9401478780287313,1.0112400317051795
166,1.0743667177008407,1.1861177783426828,1.0859672248360073,1.0191161638954918,0.9972965303425404,0.9699029553701576,1.136809245576282,1.0977842311395658,0.9304175977439043,1.0080022110686246
167,1.076661189789013,1.1772231630565695,1.0913681160190853,1.016889824290308,1.0058212063444079,0.9665703532091421,1.1339317475260984,1.0995224479907506,0.9314015316830218,1.012957220619649
168,1.0771938771418232,1.171258785120202,1.0872053211757469,1.0132698338597634,1.0044618570537964,0.9677365710447774,1.1338752643098002,1.113622434948703,0.9349442430749202,1.0128536055645243
169,1.0779155422101616,1.179687665781134,1.0845974344430995,1.0130881011384443,1.0090842747654172,0.970885977929051,1.144851197567015,1.118842589868237,0.9344861285378329,1.014863779208262
170,1.0913908543236888,1.1824597088329944,1.0880835284321173,1.0132575857746047,1.004195456699055,0.9764850172700852,1.1492764308181898,1.1264199078745218,0.9368486759320208,1.020244362970349
171,1.0818759214042808,1.1796498754555966,1.0870787495155176,1.0109516835209942,1.0024436429458967,0.9780553855109512,1.1473730360158012,1.1261883609061811,0.9429549211719847,1.0289281376013746
172,1.0848689988127695,1.1821322881588818,1.0870766656881732,1.0227189992233545,1.0024748121760823,0.9797671774480806,1.1487522823378267,1.1290747766210234,0.9342047212629483,1.0335665094795097
173,1.0798758121980867,1.2029721113502714,1.0817719093395641,1.0268925294979752,1.0102729004725761,0.98417801841064,1.1501771846007187,1.1379795458321986,0.9365032863335283,1.038316198961545
174,1.0819824065703085,1.191142294594955,1.083195063103711,1.024667418088909,0.9991917984745131,0.9798431370181259,1.1483714781399392,1.1382873005566883,0.9272003418443261,1.044300851504682
175,1.0869254081730626,1.1863091693190804,1.070515748708495,1.0139358732108963,0.9935638169800826,0.978151881982933,1.1601369571925626,1.1317330192681931,0.9302254143666635,1.0556452866816093
176,1.0850412250773673,1.1903120611735005,1.073010052520853,1.0195994644266104,0.9943269536708175,0.9845154379462694,1.1571169229394878,1.1285851049243925,0.9276863482120933,1.047918193705608
177,1.0770006516254642,1.2003667936045124,1.0749687837008486,1.00766110045603,0.997727813132842,0.9836975199624713,1.151549353872679,1.1358005543089407,0.9269998434082853,1.061297620908777
178,1.0760762285745185,1.195006489663155,1.087028412907461,1.003817196597512,0.9984738991883623,0.9953881050933348,1.1553198464562509,1.1414976402950663,0.9350645670218841,1.0636227178243656
179,1.0619114002631511,1.210010184757471,1.0866762029786863,1.02123317369176,0.9952842659503413,0.99545769801464,1.1482445411608402,1.146610155167737,0.9254721847809546,1.060572079481624
180,1.0643434540749994,1.2173884590893487,1.0941763093150267,1.020703678861406,0.983276445621729,0.9965116743399379,1.1462860751326023,1.1402198319973178,0.9226563743126703,1.0587948326113097
181,1.0697036263839512,1.214056713215365,1.1013097097618985,1.022829477020324,0.9911576057364846,0.9927584360202512,1.1541292871820117,1.1485458940167248,0.9153535361760958,1.0608163846945895
182,1.0829359295465617,1.2194101296318152,1.1001496398708113,1.0286066459036916,0.9882361509130325,1.0055390225853482,1.1631704410879327,1.1421435715433998,0.9114029642197538,1.0675160691577938
183,1.0950672673594637,1.2148498964976915,1.0986168028355408,1.032586466679818,0.9893152104132744,1.0071665081347128,1.162478371341767,1.1351682194373314,0.9178848558836832,1.072159462060791
184,1.100785118502633,1.2005425116701622,1.0903361705762578,1.037126182655499,0.9899609073167012,1.0100424436953543,1.1638388134421362,1.1256105653424984,0.9225704507712945,1.0705574937410065
185,1.1029401491915913,1.2146568620416789,1.0913344059402932,1.0357431997454025,0.9986696591076604,1.0081268286772833,1.164615140961911,1.125967588018258,0.9220825170882275,1.0725133848871915
186,1.1111036161134111,1.2094910130736174,1.0877813852579508,1.0328357404658455,1.0024294517101329,1.0131734366007064,1.172313339933888,1.1284300259351636,0.9178054795500828,1.0720007572888377
187,1.1168833882389,1.21989674149075,1.0778922930379062,1.032950859857776,1.0047253895836492,1.0095981787054438,1.179287708666031,1.1340052367295363,0.9168504735948603,1.0720980888220375
188,1.1166057923883448,1.2108150929656674,1.0758603092937207,1.028275413515704,1.0142334503112667,1.0086725196983812,1.1914752729235225,1.132872223362874,0.9151989999613398,1.0664837267535692
189,1.1094378986128537,1.2199848441322694,1.0727864865208425,1.0309979143798438,1.0153973684795332,1.0147181075796463,1.194350519428449,1.136952903832432,0.9089005730652735,1.0660349243027405
190,1.1077965014644553,1.2216571634043423,1.0856768376551866,1.0342755734848095,1.0066213674980125,1.0108229185549267,1.1932628618623122,1.1411589029325082,0.906072088285868,1.0594802015459626
191,1.1192411993132592,1.213947434367672,1.0799350940764862,1.0234044858879534,1.0134650311266096,1.0176490806267746,1.1990105527089867,1.141944865311005,0.9000329712766827,1.055677105929993
192,1.1293445543949348,1.1925113462064836,1.0814583681075083,1.0188090114638266,1.014345709077347,1.021279837201686,1.187221603621535,1.1428035681819984,0.8969155066781768,1.0496070623084652
193,1.1332300292320225,1.197918582425177,1.0801640786075069,1.0233235147389375,1.0077349327611844,1.021394490404856,1.1895786729701683,1.1472921462406607,0.9058335225130704,1.0522619220847325
194,1.1454797883839314,1.1868491221866948,1.084602648410044,1.0368776006554332,1.0106809178933593,1.018516565436832,1.180419431608591,1.1532768424550144,0.9048389575242192,1.056901300001317
195,1.1503738080366581,1.2041683493417565,1.0777652841020893,1.0366238983816727,1.0088027742684276,1.0126381389361474,1.1848508671497953,1.15018902840065,0.9086946388984117,1.0718361769488896
196,1.1550204573539031,1.2012412910970043,1.073029569430087,1.0304016681894286,1.0068251899217555,1.0138249185248602,1.1829630042060892,1.1509489134003128,0.911856705946484,1.0736798308655882
197,1.1629930501284755,1.1990265515172198,1.0825117845796506,1.0384292173901792,1.0117515214384498,1.0105467379087663,1.19118128931367,1.1484040357299088,0.9156361608523855,1.076720377551194
198,1.1521243965192274,1.1773105946172806,1.0945702399193533,1.0513822435925104,1.0132345033424521,1.0103154167438206,1.1918538794269795,1.1571595483213355,0.9150122593131192,1.0786374988253957
199,1.1516525213722346,1.180760216277174,1.0855854287649427,1.057116340356163,1.0092092312116943,1.003753578754715,1.1881199998252714,1.1630012749440142,0.9171926536982055,1.077355358300651
200,1.154977234459253,1.1785464697477337,1.0770812467101023,1.0557091676497998,1.0070978871417757,1.0063035397645128,1.1890127395524541,1.1650756109646405,0.9176703278153863,1.0814528502590897
201,1.162147783817869,1.1865929994232118,1.0702780531338445,1.0485408534192215,1.0079834520503201,1.0141694577929585,1.1909399476308777,1.1714299937549963,0.9203219353858795,1.084540897570084
202,1.1709661044050486,1.1869815968131434,1.0659261513215155,1.0524802822985522,1.0174501390045745,1.0180494125338366,1.1857363322575165,1.1811405437444795,0.9152440075287422,1.0764031488342856
203,1.1679389738388002,1.1844253052927505,1.065937013794461,1.04623213078531,1.016973508688069,1.0114738729740158,1.1874987364421785,1.1911732921703653,0.9173313721731813,1.0702021374338195
204,1.1748525115832988,1.1921679148582656,1.0604028152956786,1.0557120156702209,1.0133984216904095,1.0103262716785224,1.1877706109227009,1.1881928686395222,0.9203766715914837,1.0745590061881716
205,1.1767794580860853,1.1925241093842647,1.0603049408049545,1.067206604537635,1.013768302314005,1.0160343135537386,1.1935019712040642,1.1902708892515426,0.925720210356948,1.077087177084403
206,1.1833989531916362,1.190851436103158,1.0598032454395527,1.0763315985289676,1.0085093725800223,1.014407269416754,1.1938692081140054,1.1910053822669517,0.9233794735791292,1.0776878002150665
207,1.1805639808899495,1.19239543054442,1.0575062854715565,1.078931858457069,1.0177416880909838,1.0191836086840007,1.1879157265790963,1.1961518577672678,0.9278993490440466,1.079581966664351
208,1.1717641134656798,1.185477253514481,1.0537187535623667,1.078053284507089,1.0128848129745665,1.0147514998297231,1.1853636811234929,1.1924734107811341,0.9212715465989443,1.0720185876334252
209,1.1799189988775007,1.1883640000030466,1.0532470555527786,1.0781272461727178,1.008862572679126,1.0144133404712912,1.186292938532264,1.191642943972749,0.923959513877747,1.0819253423346271
210,1.1923875237265507,1.1941998601297306,1.0665421099680965,1.0713208463376285,1.007421495370451,1.009820123094633,1.1814433598993344,1.198526739226114,0.9357734840734537,1.0836395666398047
211,1.188620439761813,1.192789232835959,1.0692454036679115,1.0810481593202015,1.004661875048094,1.010708939755342,1.168433350741706,1.2058784328946768,0.925044322163744,1.079427596878311
212,1.1790208507225977,1.1934457101421763,1.0644987305761873,1.0770376507088706,1.0135012513677564,1.0265788278870118,1.1805659104402373,1.2036530637423917,0.9292042430862157,1.08653316111184
213,1.180417557729699,1.182924065115189,1.0693832800843237,1.08464794769597,1.0070914120754726,1.0296775834423126,1.1759727525447177,1.2043319223353584,0.9339033996783863,1.0819708040070422
214,1.1826891769180958,1.1929512589132478,1.0634504764758101,1.0792660936241507,1.0004599203167146,1.0234497591387726,1.1760673145283116,1.2087826664973624,0.9334288077060011,1.080555329159862
215,1.187414372886564,1.1957540692358026,1.0552600777837557,1.0838309049899955,0.9981663912720281,1.0222838361978703,1.1646799601559703,1.2056496128509664,0.9417232433896955,1.0843317995614858
216,1.1838449767366332,1.1919254368297356,1.0548396733922205,1.0863513263707694,0.9992258482405776,1.0166690727592247,1.157432515845006,1.210455027180953,0.9455403951642275,1.0839456735044595
217,1.1795345112167197,1.1956791691627882,1.056636545057001,1.0890148401503341,0.9969486081943048,1.0170043121731678,1.1687802461819499,1.2124884187147227,0.9403894034011794,1.0817238330745849
218,1.1867174706317043,1.210979339016515,1.0560162201631809,1.0906553571329114,0.995382619083049,1.0127929536297593,1.1749804081482025,1.2189269077391007,0.9394457539191167,1.084948626176183
219,1.184882041231667,1.2172850731973643,1.043722678075545,1.0809124079893315,0.9996161908474178,1.007294602208601,1.168281439212199,1.219986008835108,0.9374675672669359,1.0795307044665583
220,1.188351222910876,1.2171211522847394,1.0389926855516578,1.0810514444855823,1.004002572135395,1.001470171668508,1.1725116542587415,1.2231153818466853,0.9395431659045669,1.0722834934583476
221,1.1859773290383788,1.226618599912963,1.03934286768416,1.0957161959655948,1.001608703085322,1.002595402392401,1.1739866428297185,1.2188353782953476,0.9408959022850215,1.0661163326620855
222,1.1833850762718467,1.2287398688633235,1.039750193621301,1.0797165020163169,1.0037039856103944,0.994580913844558,1.1536585513566766,1.2174052433442963,0.940716803767854,1.0743956404067885
223,1.1874310745468373,1.2278344211918903,1.0392511947788736,1.0877150440171308,1.008678041414231,0.9984562712157359,1.1557428053913723,1.194000480005479,0.953616979327793,1.0765001947274468
224,1.1949954444642392,1.2310796039291405,1.0482174464374316,1.0912005553349087,1.0126585747044805,1.001248235838506,1.150619104188269,1.213950676495181,0.9644140099650974,1.0657695553256108
225,1.185840475442718,1.2360906473338586,1.0485944072972675,1.0878385794900463,1.017395799433506,0.999339624337996,1.1578475855688208,1.2028256141337246,0.9655012171369948,1.0683372554730255
226,1.184650247238139,1.235340547776652,1.053108322287447,1.096093423251837,1.0239076708225132,0.9939111884479475,1.152949485060452,1.2060067540805681,0.9698174283657974,1.0719390493090364
227,1.1884041517318678,1.2268624357931257,1.0529405178354678,1.0980785366963166,1.0265300476813257,0.9875362288470553,1.1570534196493116,1.2114433203769426,0.9730758457420727,1.069150768245441
228,1.1862046319128086,1.2306183090089335,1.0522352905605987,1.1046127649956472,1.0343227399529233,0.9833398749962678,1.1473086393294325,1.2204545862166,0.9720092755028302,1.0714697927832264
229,1.1861043627757117,1.2402395359973708,1.0500486957766433,1.1096942151451765,1.0399116686813916,0.9951824441117111,1.1472450757180233,1.203808017424236,0.9670883950075277,1.0766406590671174
230,1.1783729155207876,1.2397421508857809,1.055116970554135,1.1127181435830402,1.0466671205868487,0.9995260533204668,1.1477260026924014,1.215100398004425,0.974270339598841,1.0860187139549211
231,1.1738542337806825,1.2407181274142574,1.061783382722523,1.110244990190948,1.0547085467075847,0.9921237332372307,1.141086922377027,1.2209211363432386,0.9722370910524455,1.0877129892473474
232,1.1701322186520853,1.241423074982069,1.0565283776894594,1.106860075214352,1.059564809470546,0.9983275897124539,1.140143702504522,1.2228324814819478,0.9728224130657526,1.0794962604529466
233,1.1698563104220656,1.229959220959863,1.061591560311862,1.1100756385168444,1.06424185233564,0.9898349552514594,1.1434174199995975,1.2358146182394678,0.9681092237825302,1.0957359632199306
234,1.165657984759245,1.2282416165028918,1.0577703421083056,1.1068172516473849,1.0555549360284613,0.9822683599249482,1.1419235919210857,1.2291697986953556,0.9666308902024343,1.0920736223958991
235,1.1694654960094335,1.2322255028867246,1.0440325207120447,1.09031367986983,1.050365102736318,0.9828830349696933,1.1341703344705492,1.2248455648697278,0.9670499688972236,1.10035103210172
236,1.1730862990518203,1.2222356732038602,1.040231111524314,1.0928990459380539,1.0609707362095246,0.9818467671871188,1.144405937121123,1.2285913291647954,0.9644304418762903,1.089834254406132
237,1.183861072538734,1.2223801566993961,1.0420353998869636,1.0812665270973711,1.051564018574911,0.988999731882947,1.1402546992446336,1.2311178097599453,0.9667486798631516,1.092741262577318
238,1.185536087514343,1.218952812277746,1.0417822961739271,1.0877445052160335,1.049032366337457,0.9906614148553468,1.1344307337795863,1.2376698381238262,0.956407141929548,1.0915671300590333
239,1.1805873968392127,1.225888388178706,1.0429745397945125,1.0945834476267702,1.0371448528729095,0.9909534126151163,1.128934071133395,1.2390024820525163,0.9591609276888317,1.0969903522378164
240,1.1766766859319435,1.221514327918764,1.037223707416269,1.1025574221012229,1.0415927957779116,0.9986275209703573,1.1267622215354554,1.2499994548431839,0.9657236988713086,1.098299777800773
241,1.1728093523159144,1.2161679569038857,1.0385756835681408,1.0989861569014516,1.0417606813294487,1.0070857754839049,1.125172434822739,1.2503932546097132,0.9708572397674483,1.0930898462528846
242,1.1771923438485055,1.22381976141769,1.0392678739793673,1.1045907296120234,1.0397794196148098,1.013614626003711,1.1309426004878964,1.2513892414610774,0.9835794567771003,1.1026428116107763
243,1.1827139791805819,1.2099668263730492,1.0434116623707108,1.1048588518223967,1.0349329360446577,1.0210230062404906,1.133677646760568,1.2459772444651225,0.9854799764208335,1.1025000307933246
244,1.1751175182052902,1.2116828883455055,1.044602985612309,1.106591842608113,1.0384834433187242,1.0173204752440996,1.13039040589677,1.2427254584199385,0.9886014813212141,1.098670080748936
245,1.181167949366102,1.2086903348862157,1.0397678098320884,1.1039987214474714,1.03866790001766,1.0181787989390103,1.1284578049420424,1.2431898526291274,0.991685495632457,1.1010700972901024
246,1.178395115797884,1.2244552401227273,1.0348412486124208,1.1166345155814004,1.0384539668330013,1.0219451692849633,1.1213940184004738,1.2435917650558475,0.9910933783905809,1.1008031551468374
247,1.1743021942886342,1.2331295210100017,1.0435537131630863,1.1120822143133815,1.047782373918512,1.018006299579211,1.1199683400964955,1.2390557916274771,0.9857678133196393,1.0994129413396614
248,1.1750923862895015,1.2390112677108303,1.0601250003439808,1.1158238980745543,1.0484648633131093,1.023980112915715,1.1169315821134065,1.2521656537388044,0.9849232114225156,1.101684130264814
249,1.1883610454412583,1.2352989724506642,1.0524591742582423,1.117850832797937,1.04873998885177,1.0245210180062552,1.1220464554450333,1.2454992678561465,0.9849230028927721,1.1079738074070864
250,1.1819479728297384,1.22595647888271,1.0579529711533142,1.1170694318056564,1.0534293145718463,1.0225086850963931,1.1235005871364137,1.2445014002289108,0.9850122197534406,1.089509494664129
251,1.1869672065351844,1.224955001760094,1.0526206308546788,1.1248207460583421,1.0435455201252146,1.0277676565753213,1.1260725414848731,1.2453811185620791,0.9886282620882039,1.087918824789856
252,1.1778001697610012,1.2270381765118596,1.049516662007418,1.1215448105610009,1.051111025365704,1.0203181365515144,1.1248095524596704,1.2564002763797424,0.9901574794534357,1.085288733905887
